edge_srcName,edge_srcId,edge_dstName,edge_dstId
org.apache.tools.ant.input.PropertyFileInputHandler,0,org.apache.tools.ant.BuildException,275
org.apache.tools.ant.filters.util.ChainReaderHelper,2,org.apache.tools.ant.AntClassLoader,340
org.apache.tools.ant.filters.util.ChainReaderHelper,2,org.apache.tools.ant.BuildException,275
org.apache.tools.ant.filters.util.ChainReaderHelper,2,org.apache.tools.ant.ProjectHelper,38
org.apache.tools.ant.filters.util.ChainReaderHelper,2,org.apache.tools.ant.filters.BaseFilterReader,319
org.apache.tools.ant.filters.util.ChainReaderHelper,2,org.apache.tools.ant.filters.ChainableReader,288
org.apache.tools.ant.filters.util.ChainReaderHelper,2,org.apache.tools.ant.types.AntFilterReader,332
org.apache.tools.ant.filters.util.ChainReaderHelper,2,org.apache.tools.ant.types.FilterChain,233
org.apache.tools.ant.filters.util.ChainReaderHelper,2,org.apache.tools.ant.types.Parameter,74
org.apache.tools.ant.filters.util.ChainReaderHelper,2,org.apache.tools.ant.types.Parameterizable,178
org.apache.tools.ant.filters.util.ChainReaderHelper,2,org.apache.tools.ant.types.Path,21
org.apache.tools.ant.filters.util.ChainReaderHelper,2,org.apache.tools.ant.util.FileUtils,146
org.apache.tools.ant.taskdefs.Ant,3,org.apache.tools.ant.BuildException,275
org.apache.tools.ant.taskdefs.Ant,3,org.apache.tools.ant.BuildListener,86
org.apache.tools.ant.taskdefs.Ant,3,org.apache.tools.ant.DefaultLogger,83
org.apache.tools.ant.taskdefs.Ant,3,org.apache.tools.ant.ProjectHelper,38
org.apache.tools.ant.taskdefs.Ant,3,org.apache.tools.ant.ProjectComponent,277
org.apache.tools.ant.taskdefs.Ant,3,org.apache.tools.ant.ProjectHelper,38
org.apache.tools.ant.taskdefs.Ant,3,org.apache.tools.ant.Target,232
org.apache.tools.ant.taskdefs.Ant,3,org.apache.tools.ant.TaskAdapter,72
org.apache.tools.ant.taskdefs.Ant,3,org.apache.tools.ant.types.PropertySet,80
org.apache.tools.ant.taskdefs.Ant,3,org.apache.tools.ant.util.FileUtils,146
org.apache.tools.ant.taskdefs.JikesOutputParser,4,org.apache.tools.ant.ProjectHelper,38
org.apache.tools.ant.taskdefs.JikesOutputParser,4,org.apache.tools.ant.TaskAdapter,72
org.apache.tools.ant.taskdefs.SignJar,5,org.apache.tools.ant.BuildException,275
org.apache.tools.ant.taskdefs.SignJar,5,org.apache.tools.ant.DirectoryScanner,44
org.apache.tools.ant.taskdefs.SignJar,5,org.apache.tools.ant.ProjectHelper,38
org.apache.tools.ant.taskdefs.SignJar,5,org.apache.tools.ant.TaskAdapter,72
org.apache.tools.ant.taskdefs.SignJar,5,org.apache.tools.ant.types.FileSet,77
org.apache.tools.ant.taskdefs.SignJar,5,org.apache.tools.ant.util.JavaEnvUtils,292
org.apache.tools.ant.taskdefs.condition.And,6,org.apache.tools.ant.BuildException,275
org.apache.tools.ant.taskdefs.condition.IsTrue,7,org.apache.tools.ant.BuildException,275
org.apache.tools.ant.taskdefs.condition.IsTrue,7,org.apache.tools.ant.ProjectComponent,277
org.apache.tools.ant.taskdefs.ExecuteOn,8,org.apache.tools.ant.BuildException,275
org.apache.tools.ant.taskdefs.ExecuteOn,8,org.apache.tools.ant.DirectoryScanner,44
org.apache.tools.ant.taskdefs.ExecuteOn,8,org.apache.tools.ant.ProjectHelper,38
org.apache.tools.ant.taskdefs.ExecuteOn,8,org.apache.tools.ant.types.Commandline,14
org.apache.tools.ant.taskdefs.ExecuteOn,8,org.apache.tools.ant.types.AbstractFileSet,56
org.apache.tools.ant.taskdefs.ExecuteOn,8,org.apache.tools.ant.types.DirSet,155
org.apache.tools.ant.taskdefs.ExecuteOn,8,org.apache.tools.ant.types.EnumeratedAttribute,311
org.apache.tools.ant.taskdefs.ExecuteOn,8,org.apache.tools.ant.types.FileList,172
org.apache.tools.ant.taskdefs.ExecuteOn,8,org.apache.tools.ant.types.FileSet,77
org.apache.tools.ant.taskdefs.ExecuteOn,8,org.apache.tools.ant.types.Mapper,262
org.apache.tools.ant.taskdefs.ExecuteOn,8,org.apache.tools.ant.util.FileNameMapper,201
org.apache.tools.ant.taskdefs.ExecuteOn,8,org.apache.tools.ant.util.SourceFileScanner,310
org.apache.tools.ant.types.Assertions,9,org.apache.tools.ant.BuildException,275
org.apache.tools.ant.types.Assertions,9,org.apache.tools.ant.ProjectHelper,38
org.apache.tools.ant.taskdefs.SQLExec,11,org.apache.tools.ant.BuildException,275
org.apache.tools.ant.taskdefs.SQLExec,11,org.apache.tools.ant.DirectoryScanner,44
org.apache.tools.ant.taskdefs.SQLExec,11,org.apache.tools.ant.ProjectHelper,38
org.apache.tools.ant.taskdefs.SQLExec,11,org.apache.tools.ant.types.EnumeratedAttribute,311
org.apache.tools.ant.taskdefs.SQLExec,11,org.apache.tools.ant.types.FileSet,77
org.apache.tools.ant.taskdefs.ExecuteWatchdog,12,org.apache.tools.ant.BuildException,275
org.apache.tools.ant.taskdefs.ExecuteWatchdog,12,org.apache.tools.ant.util.TimeoutObserver,129
org.apache.tools.ant.taskdefs.ExecuteWatchdog,12,org.apache.tools.ant.util.Watchdog,162
org.apache.tools.ant.taskdefs.condition.IsSet,13,org.apache.tools.ant.BuildException,275
org.apache.tools.ant.taskdefs.condition.IsSet,13,org.apache.tools.ant.ProjectComponent,277
org.apache.tools.ant.types.Commandline,14,org.apache.tools.ant.BuildException,275
org.apache.tools.ant.types.Commandline,14,org.apache.tools.ant.ProjectComponent,277
org.apache.tools.ant.types.Commandline,14,org.apache.tools.ant.util.StringUtils,243
org.apache.tools.ant.types.XMLCatalog,16,org.apache.tools.ant.AntClassLoader,340
org.apache.tools.ant.types.XMLCatalog,16,org.apache.tools.ant.BuildException,275
org.apache.tools.ant.types.XMLCatalog,16,org.apache.tools.ant.ProjectHelper,38
org.apache.tools.ant.types.XMLCatalog,16,org.apache.tools.ant.util.FileUtils,146
org.apache.tools.ant.types.XMLCatalog,16,org.apache.tools.ant.util.JAXPUtils,223
org.apache.tools.ant.filters.LineContainsRegExp,17,org.apache.tools.ant.types.Parameter,74
org.apache.tools.ant.filters.LineContainsRegExp,17,org.apache.tools.ant.types.RegularExpression,206
org.apache.tools.ant.filters.LineContainsRegExp,17,org.apache.tools.ant.util.regexp.RegexpMatcher,144
org.apache.tools.ant.helper.ProjectHelper2,18,org.apache.tools.ant.util.JAXPUtils,223
org.apache.tools.ant.helper.ProjectHelper2,18,org.apache.tools.ant.util.FileUtils,146
org.apache.tools.ant.helper.ProjectHelper2,18,org.apache.tools.ant.ProjectHelper,38
org.apache.tools.ant.helper.ProjectHelper2,18,org.apache.tools.ant.ProjectHelper,38
org.apache.tools.ant.helper.ProjectHelper2,18,org.apache.tools.ant.Target,232
org.apache.tools.ant.helper.ProjectHelper2,18,org.apache.tools.ant.TaskAdapter,72
org.apache.tools.ant.helper.ProjectHelper2,18,org.apache.tools.ant.RuntimeConfigurable,345
org.apache.tools.ant.helper.ProjectHelper2,18,org.apache.tools.ant.BuildException,275
org.apache.tools.ant.helper.ProjectHelper2,18,org.apache.tools.ant.Location,108
org.apache.tools.ant.helper.ProjectHelper2,18,org.apache.tools.ant.UnknownElement,149
org.apache.tools.ant.taskdefs.SubAnt,19,org.apache.tools.ant.TaskAdapter,72
org.apache.tools.ant.taskdefs.SubAnt,19,org.apache.tools.ant.ProjectHelper,38
org.apache.tools.ant.taskdefs.SubAnt,19,org.apache.tools.ant.BuildException,275
org.apache.tools.ant.taskdefs.SubAnt,19,org.apache.tools.ant.types.Path,21
org.apache.tools.ant.taskdefs.SubAnt,19,org.apache.tools.ant.types.DirSet,155
org.apache.tools.ant.taskdefs.SubAnt,19,org.apache.tools.ant.types.FileSet,77
org.apache.tools.ant.taskdefs.SubAnt,19,org.apache.tools.ant.types.FileList,172
org.apache.tools.ant.taskdefs.SubAnt,19,org.apache.tools.ant.types.PropertySet,80
org.apache.tools.ant.taskdefs.SubAnt,19,org.apache.tools.ant.types.Reference,67
org.apache.tools.ant.types.selectors.FileSelector,20,org.apache.tools.ant.BuildException,275
org.apache.tools.ant.types.Path,21,org.apache.tools.ant.BuildException,275
org.apache.tools.ant.types.Path,21,org.apache.tools.ant.DirectoryScanner,44
org.apache.tools.ant.types.Path,21,org.apache.tools.ant.PathTokenizer,33
org.apache.tools.ant.types.Path,21,org.apache.tools.ant.ProjectHelper,38
org.apache.tools.ant.types.Path,21,org.apache.tools.ant.util.JavaEnvUtils,292
org.apache.tools.ant.filters.StripLineComments,22,org.apache.tools.ant.types.Parameter,74
org.apache.tools.ant.taskdefs.Sequential,23,org.apache.tools.ant.BuildException,275
org.apache.tools.ant.taskdefs.Sequential,23,org.apache.tools.ant.TaskAdapter,72
org.apache.tools.ant.taskdefs.Sequential,23,org.apache.tools.ant.TaskContainer,187
org.apache.tools.ant.util.TaskLogger,24,org.apache.tools.ant.ProjectHelper,38
org.apache.tools.ant.util.TaskLogger,24,org.apache.tools.ant.TaskAdapter,72
org.apache.tools.ant.taskdefs.compilers.Gcj,25,org.apache.tools.ant.BuildException,275
org.apache.tools.ant.taskdefs.compilers.Gcj,25,org.apache.tools.ant.ProjectHelper,38
org.apache.tools.ant.taskdefs.compilers.Gcj,25,org.apache.tools.ant.types.Commandline,14
org.apache.tools.ant.taskdefs.compilers.Gcj,25,org.apache.tools.ant.types.Path,21
org.apache.tools.ant.types.selectors.SelectSelector,26,org.apache.tools.ant.ProjectHelper,38
org.apache.tools.ant.types.selectors.FilenameSelector,27,org.apache.tools.ant.ProjectHelper,38
org.apache.tools.ant.types.selectors.FilenameSelector,27,org.apache.tools.ant.types.Parameter,74
org.apache.tools.ant.types.selectors.TypeSelector,28,org.apache.tools.ant.types.EnumeratedAttribute,311
org.apache.tools.ant.types.selectors.TypeSelector,28,org.apache.tools.ant.types.Parameter,74
org.apache.tools.ant.taskdefs.GUnzip,29,org.apache.tools.ant.BuildException,275
org.apache.tools.ant.taskdefs.Basename,30,org.apache.tools.ant.BuildException,275
org.apache.tools.ant.taskdefs.Basename,30,org.apache.tools.ant.TaskAdapter,72
org.apache.tools.ant.PathTokenizer,33,org.apache.tools.ant.taskdefs.condition.Os,331
org.apache.tools.ant.taskdefs.Definer,34,org.apache.tools.ant.AntTypeDefinition,325
org.apache.tools.ant.taskdefs.Definer,34,org.apache.tools.ant.ComponentHelper,336
org.apache.tools.ant.taskdefs.Definer,34,org.apache.tools.ant.BuildException,275
org.apache.tools.ant.taskdefs.Definer,34,org.apache.tools.ant.Location,108
org.apache.tools.ant.taskdefs.Definer,34,org.apache.tools.ant.ProjectHelper,38
org.apache.tools.ant.taskdefs.Definer,34,org.apache.tools.ant.ProjectHelper,38
org.apache.tools.ant.taskdefs.Definer,34,org.apache.tools.ant.types.EnumeratedAttribute,311
org.apache.tools.ant.taskdefs.condition.IsReference,36,org.apache.tools.ant.BuildException,275
org.apache.tools.ant.taskdefs.condition.IsReference,36,org.apache.tools.ant.ProjectComponent,277
org.apache.tools.ant.taskdefs.condition.IsReference,36,org.apache.tools.ant.types.Reference,67
org.apache.tools.ant.taskdefs.BUnzip2,37,org.apache.tools.ant.BuildException,275
org.apache.tools.ant.taskdefs.BUnzip2,37,org.apache.tools.bzip2.CBZip2InputStream,145
org.apache.tools.ant.ProjectHelper,38,org.apache.tools.ant.helper.ProjectHelper2,18
org.apache.tools.ant.ProjectHelper,38,org.apache.tools.ant.util.LoaderUtils,348
org.apache.tools.ant.taskdefs.KeySubst,39,org.apache.tools.ant.BuildException,275
org.apache.tools.ant.taskdefs.KeySubst,39,org.apache.tools.ant.TaskAdapter,72
org.apache.tools.ant.types.CommandlineJava,41,org.apache.tools.ant.BuildException,275
org.apache.tools.ant.types.CommandlineJava,41,org.apache.tools.ant.ProjectHelper,38
org.apache.tools.ant.types.CommandlineJava,41,org.apache.tools.ant.util.JavaEnvUtils,292
org.apache.tools.ant.filters.TailFilter,42,org.apache.tools.ant.types.Parameter,74
org.apache.tools.ant.filters.TailFilter,42,org.apache.tools.ant.util.LineTokenizer,71
org.apache.tools.ant.filters.ExpandProperties,43,org.apache.tools.ant.ProjectHelper,38
org.apache.tools.ant.DirectoryScanner,44,org.apache.tools.ant.taskdefs.condition.Os,331
org.apache.tools.ant.DirectoryScanner,44,org.apache.tools.ant.types.ResourceLocation,46
org.apache.tools.ant.DirectoryScanner,44,org.apache.tools.ant.types.ResourceFactory,166
org.apache.tools.ant.DirectoryScanner,44,org.apache.tools.ant.types.selectors.FileSelector,20
org.apache.tools.ant.DirectoryScanner,44,org.apache.tools.ant.types.selectors.SelectorScanner,31
org.apache.tools.ant.DirectoryScanner,44,org.apache.tools.ant.types.selectors.SelectorUtils,343
org.apache.tools.ant.DirectoryScanner,44,org.apache.tools.ant.util.FileUtils,146
org.apache.tools.ant.taskdefs.War,47,org.apache.tools.ant.BuildException,275
org.apache.tools.ant.taskdefs.War,47,org.apache.tools.ant.ProjectHelper,38
org.apache.tools.ant.taskdefs.War,47,org.apache.tools.ant.types.ZipFileSet,51
org.apache.tools.ant.taskdefs.War,47,org.apache.tools.ant.util.FileUtils,146
org.apache.tools.ant.taskdefs.War,47,org.apache.tools.zip.ZipOutputStream,320
org.apache.tools.ant.taskdefs.MacroDef,48,org.apache.tools.ant.AntTypeDefinition,325
org.apache.tools.ant.taskdefs.MacroDef,48,org.apache.tools.ant.BuildException,275
org.apache.tools.ant.taskdefs.MacroDef,48,org.apache.tools.ant.ComponentHelper,336
org.apache.tools.ant.taskdefs.MacroDef,48,org.apache.tools.ant.ProjectHelper,38
org.apache.tools.ant.taskdefs.MacroDef,48,org.apache.tools.ant.ProjectHelper,38
org.apache.tools.ant.taskdefs.MacroDef,48,org.apache.tools.ant.RuntimeConfigurable,345
org.apache.tools.ant.taskdefs.MacroDef,48,org.apache.tools.ant.TaskAdapter,72
org.apache.tools.ant.taskdefs.MacroDef,48,org.apache.tools.ant.TaskContainer,187
org.apache.tools.ant.taskdefs.MacroDef,48,org.apache.tools.ant.UnknownElement,149
org.apache.tools.ant.taskdefs.Copydir,49,org.apache.tools.ant.BuildException,275
org.apache.tools.ant.taskdefs.Copydir,49,org.apache.tools.ant.DirectoryScanner,44
org.apache.tools.ant.taskdefs.Copydir,49,org.apache.tools.ant.ProjectHelper,38
org.apache.tools.ant.taskdefs.LoadProperties,50,org.apache.tools.ant.BuildException,275
org.apache.tools.ant.taskdefs.LoadProperties,50,org.apache.tools.ant.TaskAdapter,72
org.apache.tools.ant.taskdefs.LoadProperties,50,org.apache.tools.ant.filters.util.ChainReaderHelper,2
org.apache.tools.ant.taskdefs.LoadProperties,50,org.apache.tools.ant.types.FilterChain,233
org.apache.tools.ant.types.ZipFileSet,51,org.apache.tools.ant.BuildException,275
org.apache.tools.ant.types.ZipFileSet,51,org.apache.tools.ant.DirectoryScanner,44
org.apache.tools.ant.types.ZipFileSet,51,org.apache.tools.ant.ProjectHelper,38
org.apache.tools.ant.types.ZipFileSet,51,org.apache.tools.zip.UnixStat,335
org.apache.tools.ant.Diagnostics,52,org.apache.tools.ant.util.LoaderUtils,348
org.apache.tools.ant.taskdefs.email.UUMailer,55,org.apache.tools.ant.BuildException,275
org.apache.tools.ant.types.AbstractFileSet,56,org.apache.tools.ant.BuildException,275
org.apache.tools.ant.types.AbstractFileSet,56,org.apache.tools.ant.DirectoryScanner,44
org.apache.tools.ant.types.AbstractFileSet,56,org.apache.tools.ant.ProjectHelper,38
org.apache.tools.ant.types.AbstractFileSet,56,org.apache.tools.ant.types.selectors.AndSelector,305
org.apache.tools.ant.types.AbstractFileSet,56,org.apache.tools.ant.types.selectors.ContainsSelector,245
org.apache.tools.ant.types.AbstractFileSet,56,org.apache.tools.ant.types.selectors.DateSelector,235
org.apache.tools.ant.types.AbstractFileSet,56,org.apache.tools.ant.types.selectors.DependSelector,115
org.apache.tools.ant.types.AbstractFileSet,56,org.apache.tools.ant.types.selectors.DepthSelector,132
org.apache.tools.ant.types.AbstractFileSet,56,org.apache.tools.ant.types.selectors.ExtendSelector,191
org.apache.tools.ant.types.AbstractFileSet,56,org.apache.tools.ant.types.selectors.FileSelector,20
org.apache.tools.ant.types.AbstractFileSet,56,org.apache.tools.ant.types.selectors.DifferentSelector,85
org.apache.tools.ant.types.AbstractFileSet,56,org.apache.tools.ant.types.selectors.FilenameSelector,27
org.apache.tools.ant.types.AbstractFileSet,56,org.apache.tools.ant.types.selectors.TypeSelector,28
org.apache.tools.ant.types.AbstractFileSet,56,org.apache.tools.ant.types.selectors.MajoritySelector,254
org.apache.tools.ant.types.AbstractFileSet,56,org.apache.tools.ant.types.selectors.NoneSelector,212
org.apache.tools.ant.types.AbstractFileSet,56,org.apache.tools.ant.types.selectors.NotSelector,15
org.apache.tools.ant.types.AbstractFileSet,56,org.apache.tools.ant.types.selectors.OrSelector,1
org.apache.tools.ant.types.AbstractFileSet,56,org.apache.tools.ant.types.selectors.PresentSelector,95
org.apache.tools.ant.types.AbstractFileSet,56,org.apache.tools.ant.types.selectors.ContainsRegexpSelector,330
org.apache.tools.ant.types.AbstractFileSet,56,org.apache.tools.ant.types.selectors.SelectSelector,26
org.apache.tools.ant.types.AbstractFileSet,56,org.apache.tools.ant.types.selectors.SelectorContainer,117
org.apache.tools.ant.types.AbstractFileSet,56,org.apache.tools.ant.types.selectors.SelectorScanner,31
org.apache.tools.ant.types.AbstractFileSet,56,org.apache.tools.ant.types.selectors.SizeSelector,344
org.apache.tools.ant.types.AbstractFileSet,56,org.apache.tools.ant.types.selectors.modifiedselector.ModifiedSelector,256
org.apache.tools.ant.taskdefs.MacroInstance,57,org.apache.tools.ant.BuildException,275
org.apache.tools.ant.taskdefs.MacroInstance,57,org.apache.tools.ant.DynamicConfigurator,341
org.apache.tools.ant.taskdefs.MacroInstance,57,org.apache.tools.ant.ProjectHelper,38
org.apache.tools.ant.taskdefs.MacroInstance,57,org.apache.tools.ant.RuntimeConfigurable,345
org.apache.tools.ant.taskdefs.MacroInstance,57,org.apache.tools.ant.Target,232
org.apache.tools.ant.taskdefs.MacroInstance,57,org.apache.tools.ant.TaskAdapter,72
org.apache.tools.ant.taskdefs.MacroInstance,57,org.apache.tools.ant.TaskContainer,187
org.apache.tools.ant.taskdefs.MacroInstance,57,org.apache.tools.ant.UnknownElement,149
org.apache.tools.ant.taskdefs.MatchingTask,58,org.apache.tools.ant.DirectoryScanner,44
org.apache.tools.ant.taskdefs.MatchingTask,58,org.apache.tools.ant.ProjectHelper,38
org.apache.tools.ant.taskdefs.MatchingTask,58,org.apache.tools.ant.TaskAdapter,72
org.apache.tools.ant.taskdefs.MatchingTask,58,org.apache.tools.ant.types.FileSet,77
org.apache.tools.ant.taskdefs.MatchingTask,58,org.apache.tools.ant.types.PatternSet,307
org.apache.tools.ant.taskdefs.MatchingTask,58,org.apache.tools.ant.types.selectors.AndSelector,305
org.apache.tools.ant.taskdefs.MatchingTask,58,org.apache.tools.ant.types.selectors.ContainsRegexpSelector,330
org.apache.tools.ant.taskdefs.MatchingTask,58,org.apache.tools.ant.types.selectors.ContainsSelector,245
org.apache.tools.ant.taskdefs.MatchingTask,58,org.apache.tools.ant.types.selectors.DateSelector,235
org.apache.tools.ant.taskdefs.MatchingTask,58,org.apache.tools.ant.types.selectors.DependSelector,115
org.apache.tools.ant.taskdefs.MatchingTask,58,org.apache.tools.ant.types.selectors.DepthSelector,132
org.apache.tools.ant.taskdefs.MatchingTask,58,org.apache.tools.ant.types.selectors.DifferentSelector,85
org.apache.tools.ant.taskdefs.MatchingTask,58,org.apache.tools.ant.types.selectors.ExtendSelector,191
org.apache.tools.ant.taskdefs.MatchingTask,58,org.apache.tools.ant.types.selectors.FileSelector,20
org.apache.tools.ant.taskdefs.MatchingTask,58,org.apache.tools.ant.types.selectors.FilenameSelector,27
org.apache.tools.ant.taskdefs.MatchingTask,58,org.apache.tools.ant.types.selectors.MajoritySelector,254
org.apache.tools.ant.taskdefs.MatchingTask,58,org.apache.tools.ant.types.selectors.NoneSelector,212
org.apache.tools.ant.taskdefs.MatchingTask,58,org.apache.tools.ant.types.selectors.NotSelector,15
org.apache.tools.ant.taskdefs.MatchingTask,58,org.apache.tools.ant.types.selectors.OrSelector,1
org.apache.tools.ant.taskdefs.MatchingTask,58,org.apache.tools.ant.types.selectors.PresentSelector,95
org.apache.tools.ant.taskdefs.MatchingTask,58,org.apache.tools.ant.types.selectors.SelectSelector,26
org.apache.tools.ant.taskdefs.MatchingTask,58,org.apache.tools.ant.types.selectors.SelectorContainer,117
org.apache.tools.ant.taskdefs.MatchingTask,58,org.apache.tools.ant.types.selectors.SizeSelector,344
org.apache.tools.ant.taskdefs.MatchingTask,58,org.apache.tools.ant.types.selectors.TypeSelector,28
org.apache.tools.ant.taskdefs.MatchingTask,58,org.apache.tools.ant.types.selectors.modifiedselector.ModifiedSelector,256
org.apache.tools.ant.taskdefs.Copy,49,org.apache.tools.ant.BuildException,275
org.apache.tools.ant.taskdefs.Copy,49,org.apache.tools.ant.DirectoryScanner,44
org.apache.tools.ant.taskdefs.Copy,49,org.apache.tools.ant.ProjectHelper,38
org.apache.tools.ant.taskdefs.Copy,49,org.apache.tools.ant.TaskAdapter,72
org.apache.tools.ant.taskdefs.Copy,49,org.apache.tools.ant.types.FileSet,77
org.apache.tools.ant.taskdefs.Copy,49,org.apache.tools.ant.types.FilterChain,233
org.apache.tools.ant.taskdefs.Copy,49,org.apache.tools.ant.types.FilterSetCollection,96
org.apache.tools.ant.taskdefs.Copy,49,org.apache.tools.ant.types.FilterSetCollection,96
org.apache.tools.ant.taskdefs.Copy,49,org.apache.tools.ant.types.Mapper,262
org.apache.tools.ant.taskdefs.Copy,49,org.apache.tools.ant.util.FileNameMapper,201
org.apache.tools.ant.taskdefs.Copy,49,org.apache.tools.ant.util.FileUtils,146
org.apache.tools.ant.taskdefs.Copy,49,org.apache.tools.ant.util.FlatFileNameMapper,100
org.apache.tools.ant.taskdefs.Copy,49,org.apache.tools.ant.util.IdentityMapper,234
org.apache.tools.ant.taskdefs.Copy,49,org.apache.tools.ant.util.SourceFileScanner,310
org.apache.tools.ant.taskdefs.compilers.Jikes,65,org.apache.tools.ant.BuildException,275
org.apache.tools.ant.taskdefs.compilers.Jikes,65,org.apache.tools.ant.ProjectHelper,38
org.apache.tools.ant.taskdefs.compilers.Jikes,65,org.apache.tools.ant.types.Commandline,14
org.apache.tools.ant.taskdefs.compilers.Jikes,65,org.apache.tools.ant.types.Path,21
org.apache.tools.ant.taskdefs.BuildNumber,66,org.apache.tools.ant.BuildException,275
org.apache.tools.ant.taskdefs.BuildNumber,66,org.apache.tools.ant.TaskAdapter,72
org.apache.tools.ant.taskdefs.BuildNumber,66,org.apache.tools.ant.ProjectHelper,38
org.apache.tools.ant.taskdefs.BuildNumber,66,org.apache.tools.ant.util.FileUtils,146
org.apache.tools.ant.types.Reference,67,org.apache.tools.ant.BuildException,275
org.apache.tools.ant.types.Reference,67,org.apache.tools.ant.ProjectHelper,38
org.apache.tools.ant.taskdefs.Chmod,68,org.apache.tools.ant.BuildException,275
org.apache.tools.ant.taskdefs.Chmod,68,org.apache.tools.ant.ProjectHelper,38
org.apache.tools.ant.taskdefs.Chmod,68,org.apache.tools.ant.taskdefs.condition.Os,331
org.apache.tools.ant.taskdefs.Chmod,68,org.apache.tools.ant.types.Commandline,14
org.apache.tools.ant.taskdefs.Chmod,68,org.apache.tools.ant.types.FileSet,77
org.apache.tools.ant.taskdefs.Chmod,68,org.apache.tools.ant.types.PatternSet,307
org.apache.tools.ant.taskdefs.AntlibDefinition,69,org.apache.tools.ant.BuildException,275
org.apache.tools.ant.taskdefs.AntlibDefinition,69,org.apache.tools.ant.ProjectHelper,38
org.apache.tools.ant.taskdefs.AntlibDefinition,69,org.apache.tools.ant.TaskAdapter,72
org.apache.tools.ant.util.LineTokenizer,71,org.apache.tools.ant.ProjectComponent,277
org.apache.tools.ant.taskdefs.rmic.DefaultRmicAdapter,73,org.apache.tools.ant.ProjectHelper,38
org.apache.tools.ant.taskdefs.rmic.DefaultRmicAdapter,73,org.apache.tools.ant.taskdefs.Rmic,321
org.apache.tools.ant.taskdefs.rmic.DefaultRmicAdapter,73,org.apache.tools.ant.types.Commandline,14
org.apache.tools.ant.taskdefs.rmic.DefaultRmicAdapter,73,org.apache.tools.ant.types.Path,21
org.apache.tools.ant.taskdefs.rmic.DefaultRmicAdapter,73,org.apache.tools.ant.util.FileNameMapper,201
org.apache.tools.ant.taskdefs.rmic.DefaultRmicAdapter,73,org.apache.tools.ant.util.JavaEnvUtils,292
org.apache.tools.ant.IntrospectionHelper,75,org.apache.tools.ant.types.EnumeratedAttribute,311
org.apache.tools.ant.IntrospectionHelper,75,org.apache.tools.ant.types.Path,21
org.apache.tools.ant.IntrospectionHelper,75,org.apache.tools.ant.taskdefs.PreSetDef,314
org.apache.tools.ant.taskdefs.compilers.Javac12,76,org.apache.tools.ant.BuildException,275
org.apache.tools.ant.taskdefs.compilers.Javac12,76,org.apache.tools.ant.ProjectHelper,38
org.apache.tools.ant.taskdefs.compilers.Javac12,76,org.apache.tools.ant.taskdefs.LogOutputStream,283
org.apache.tools.ant.taskdefs.compilers.Javac12,76,org.apache.tools.ant.types.Commandline,14
org.apache.tools.ant.types.PropertySet,80,org.apache.tools.ant.BuildException,275
org.apache.tools.ant.types.PropertySet,80,org.apache.tools.ant.ProjectHelper,38
org.apache.tools.ant.types.PropertySet,80,org.apache.tools.ant.util.FileNameMapper,201
org.apache.tools.ant.types.PropertySet,80,org.apache.tools.ant.util.regexp.RegexpMatcher,144
org.apache.tools.ant.types.PropertySet,80,org.apache.tools.ant.util.regexp.RegexpMatcherFactory,328
org.apache.tools.ant.DefaultLogger,83,org.apache.tools.ant.util.DateUtils,230
org.apache.tools.ant.DefaultLogger,83,org.apache.tools.ant.util.StringUtils,243
org.apache.tools.ant.types.selectors.DifferentSelector,85,org.apache.tools.ant.util.FileUtils,146
org.apache.tools.ant.types.selectors.DifferentSelector,85,org.apache.tools.ant.BuildException,275
org.apache.tools.ant.taskdefs.condition.Contains,87,org.apache.tools.ant.BuildException,275
org.apache.tools.ant.taskdefs.Antlib,69,org.apache.tools.ant.TaskContainer,187
org.apache.tools.ant.taskdefs.Antlib,69,org.apache.tools.ant.BuildException,275
org.apache.tools.ant.taskdefs.Antlib,69,org.apache.tools.ant.ComponentHelper,336
org.apache.tools.ant.taskdefs.Antlib,69,org.apache.tools.ant.ProjectHelper,38
org.apache.tools.ant.taskdefs.Antlib,69,org.apache.tools.ant.TaskAdapter,72
org.apache.tools.ant.taskdefs.Antlib,69,org.apache.tools.ant.helper.ProjectHelper2,18
org.apache.tools.ant.taskdefs.Antlib,69,org.apache.tools.ant.UnknownElement,149
org.apache.tools.ant.helper.ProjectHelperImpl,89,org.apache.tools.ant.BuildException,275
org.apache.tools.ant.helper.ProjectHelperImpl,89,org.apache.tools.ant.IntrospectionHelper,75
org.apache.tools.ant.helper.ProjectHelperImpl,89,org.apache.tools.ant.Location,108
org.apache.tools.ant.helper.ProjectHelperImpl,89,org.apache.tools.ant.ProjectHelper,38
org.apache.tools.ant.helper.ProjectHelperImpl,89,org.apache.tools.ant.ProjectHelper,38
org.apache.tools.ant.helper.ProjectHelperImpl,89,org.apache.tools.ant.RuntimeConfigurable,345
org.apache.tools.ant.helper.ProjectHelperImpl,89,org.apache.tools.ant.Target,232
org.apache.tools.ant.helper.ProjectHelperImpl,89,org.apache.tools.ant.TaskAdapter,72
org.apache.tools.ant.helper.ProjectHelperImpl,89,org.apache.tools.ant.TypeAdapter,93
org.apache.tools.ant.helper.ProjectHelperImpl,89,org.apache.tools.ant.TaskContainer,187
org.apache.tools.ant.helper.ProjectHelperImpl,89,org.apache.tools.ant.UnknownElement,149
org.apache.tools.ant.helper.ProjectHelperImpl,89,org.apache.tools.ant.util.FileUtils,146
org.apache.tools.ant.helper.ProjectHelperImpl,89,org.apache.tools.ant.util.JAXPUtils,223
org.apache.tools.ant.taskdefs.cvslib.CvsUser,91,org.apache.tools.ant.BuildException,275
org.apache.tools.ant.taskdefs.BZip2,92,org.apache.tools.ant.BuildException,275
org.apache.tools.ant.taskdefs.BZip2,92,org.apache.tools.bzip2.CBZip2OutputStream,228
org.apache.tools.ant.types.selectors.PresentSelector,95,org.apache.tools.ant.BuildException,275
org.apache.tools.ant.types.selectors.PresentSelector,95,org.apache.tools.ant.types.EnumeratedAttribute,311
org.apache.tools.ant.types.selectors.PresentSelector,95,org.apache.tools.ant.types.Mapper,262
org.apache.tools.ant.types.selectors.PresentSelector,95,org.apache.tools.ant.util.FileNameMapper,201
org.apache.tools.ant.types.selectors.PresentSelector,95,org.apache.tools.ant.util.IdentityMapper,234
org.apache.tools.ant.taskdefs.GenerateKey,97,org.apache.tools.ant.BuildException,275
org.apache.tools.ant.taskdefs.GenerateKey,97,org.apache.tools.ant.TaskAdapter,72
org.apache.tools.ant.taskdefs.GenerateKey,97,org.apache.tools.ant.types.Commandline,14
org.apache.tools.ant.taskdefs.GenerateKey,97,org.apache.tools.ant.util.JavaEnvUtils,292
org.apache.tools.ant.taskdefs.email.EmailTask,99,org.apache.tools.ant.BuildException,275
org.apache.tools.ant.taskdefs.email.EmailTask,99,org.apache.tools.ant.DirectoryScanner,44
org.apache.tools.ant.taskdefs.email.EmailTask,99,org.apache.tools.ant.ProjectHelper,38
org.apache.tools.ant.taskdefs.email.EmailTask,99,org.apache.tools.ant.TaskAdapter,72
org.apache.tools.ant.taskdefs.email.EmailTask,99,org.apache.tools.ant.types.EnumeratedAttribute,311
org.apache.tools.ant.taskdefs.email.EmailTask,99,org.apache.tools.ant.types.FileSet,77
org.apache.tools.ant.taskdefs.rmic.RmicAdapterFactory,104,org.apache.tools.ant.BuildException,275
org.apache.tools.ant.taskdefs.rmic.RmicAdapterFactory,104,org.apache.tools.ant.TaskAdapter,72
org.apache.tools.ant.XmlLogger,106,org.apache.tools.ant.util.DOMElementWriter,327
org.apache.tools.ant.XmlLogger,106,org.apache.tools.ant.util.StringUtils,243
org.apache.tools.ant.types.Description,107,org.apache.tools.ant.ProjectHelper,38
org.apache.tools.ant.types.Description,107,org.apache.tools.ant.ProjectHelper,38
org.apache.tools.ant.types.Description,107,org.apache.tools.ant.TaskAdapter,72
org.apache.tools.ant.types.Description,107,org.apache.tools.ant.UnknownElement,149
org.apache.tools.ant.types.Description,107,org.apache.tools.ant.Target,232
org.apache.tools.ant.types.Description,107,org.apache.tools.ant.helper.ProjectHelperImpl,89
org.apache.tools.ant.Location,108,org.apache.tools.ant.util.FileUtils,146
org.apache.tools.ant.taskdefs.CallTarget,109,org.apache.tools.ant.BuildException,275
org.apache.tools.ant.taskdefs.CallTarget,109,org.apache.tools.ant.TaskAdapter,72
org.apache.tools.ant.taskdefs.compilers.Jvc,111,org.apache.tools.ant.BuildException,275
org.apache.tools.ant.taskdefs.compilers.Jvc,111,org.apache.tools.ant.ProjectHelper,38
org.apache.tools.ant.taskdefs.compilers.Jvc,111,org.apache.tools.ant.types.Commandline,14
org.apache.tools.ant.taskdefs.compilers.Jvc,111,org.apache.tools.ant.types.Path,21
org.apache.tools.ant.types.selectors.ExtendFileSelector,112,org.apache.tools.ant.types.Parameterizable,178
org.apache.tools.ant.taskdefs.XSLTProcess,113,org.apache.tools.ant.AntClassLoader,340
org.apache.tools.ant.taskdefs.XSLTProcess,113,org.apache.tools.ant.BuildException,275
org.apache.tools.ant.taskdefs.XSLTProcess,113,org.apache.tools.ant.DirectoryScanner,44
org.apache.tools.ant.taskdefs.XSLTProcess,113,org.apache.tools.ant.DynamicConfigurator,341
org.apache.tools.ant.taskdefs.XSLTProcess,113,org.apache.tools.ant.ProjectHelper,38
org.apache.tools.ant.taskdefs.XSLTProcess,113,org.apache.tools.ant.types.Path,21
org.apache.tools.ant.taskdefs.XSLTProcess,113,org.apache.tools.ant.types.Reference,67
org.apache.tools.ant.taskdefs.XSLTProcess,113,org.apache.tools.ant.types.XMLCatalog,16
org.apache.tools.ant.taskdefs.XSLTProcess,113,org.apache.tools.ant.util.FileUtils,146
org.apache.tools.ant.taskdefs.Manifest,110,org.apache.tools.ant.BuildException,275
org.apache.tools.ant.taskdefs.Manifest,110,org.apache.tools.ant.util.CollectionUtils,143
org.apache.tools.ant.taskdefs.condition.Not,116,org.apache.tools.ant.BuildException,275
org.apache.tools.ant.types.selectors.SelectorContainer,117,org.apache.tools.ant.ProjectHelper,38
org.apache.tools.ant.types.selectors.SelectorContainer,117,org.apache.tools.ant.types.selectors.modifiedselector.ModifiedSelector,256
org.apache.tools.ant.taskdefs.Exit,118,org.apache.tools.ant.BuildException,275
org.apache.tools.ant.taskdefs.Exit,118,org.apache.tools.ant.TaskAdapter,72
org.apache.tools.ant.taskdefs.Copyfile,119,org.apache.tools.ant.BuildException,275
org.apache.tools.ant.taskdefs.Copyfile,119,org.apache.tools.ant.ProjectHelper,38
org.apache.tools.ant.taskdefs.Copyfile,119,org.apache.tools.ant.TaskAdapter,72
org.apache.tools.ant.filters.TokenFilter,120,org.apache.tools.ant.BuildException,275
org.apache.tools.ant.filters.TokenFilter,120,org.apache.tools.ant.ProjectHelper,38
org.apache.tools.ant.filters.TokenFilter,120,org.apache.tools.ant.ProjectComponent,277
org.apache.tools.ant.filters.TokenFilter,120,org.apache.tools.ant.types.RegularExpression,206
org.apache.tools.ant.filters.TokenFilter,120,org.apache.tools.ant.types.Substitution,220
org.apache.tools.ant.filters.TokenFilter,120,org.apache.tools.ant.util.FileUtils,146
org.apache.tools.ant.filters.TokenFilter,120,org.apache.tools.ant.util.Tokenizer,324
org.apache.tools.ant.filters.TokenFilter,120,org.apache.tools.ant.util.LineTokenizer,71
org.apache.tools.ant.filters.TokenFilter,120,org.apache.tools.ant.util.regexp.RegexpMatcher,144
org.apache.tools.ant.taskdefs.LoadFile,123,org.apache.tools.ant.BuildException,275
org.apache.tools.ant.taskdefs.LoadFile,123,org.apache.tools.ant.ProjectHelper,38
org.apache.tools.ant.taskdefs.LoadFile,123,org.apache.tools.ant.TaskAdapter,72
org.apache.tools.ant.taskdefs.LoadFile,123,org.apache.tools.ant.filters.util.ChainReaderHelper,2
org.apache.tools.ant.taskdefs.LoadFile,123,org.apache.tools.ant.types.FilterChain,233
org.apache.tools.ant.taskdefs.Move,126,org.apache.tools.ant.BuildException,275
org.apache.tools.ant.taskdefs.Move,126,org.apache.tools.ant.ProjectHelper,38
org.apache.tools.ant.taskdefs.Move,126,org.apache.tools.ant.types.FilterSetCollection,96
org.apache.tools.ant.taskdefs.Move,126,org.apache.tools.ant.types.FilterSetCollection,96
org.apache.tools.ant.taskdefs.rmic.SunRmic,130,org.apache.tools.ant.BuildException,275
org.apache.tools.ant.taskdefs.rmic.SunRmic,130,org.apache.tools.ant.ProjectHelper,38
org.apache.tools.ant.taskdefs.rmic.SunRmic,130,org.apache.tools.ant.taskdefs.LogOutputStream,283
org.apache.tools.ant.taskdefs.rmic.SunRmic,130,org.apache.tools.ant.types.Commandline,14
org.apache.tools.ant.types.ZipScanner,131,org.apache.tools.ant.BuildException,275
org.apache.tools.ant.types.ZipScanner,131,org.apache.tools.ant.DirectoryScanner,44
org.apache.tools.ant.types.ZipScanner,131,org.apache.tools.zip.ZipEntry,170
org.apache.tools.ant.types.ZipScanner,131,org.apache.tools.zip.ZipFile,179
org.apache.tools.ant.types.selectors.DepthSelector,132,org.apache.tools.ant.BuildException,275
org.apache.tools.ant.types.selectors.DepthSelector,132,org.apache.tools.ant.types.Parameter,74
org.apache.tools.ant.taskdefs.cvslib.CvsTagDiff,133,org.apache.tools.ant.BuildException,275
org.apache.tools.ant.taskdefs.cvslib.CvsTagDiff,133,org.apache.tools.ant.ProjectHelper,38
org.apache.tools.ant.taskdefs.cvslib.CvsTagDiff,133,org.apache.tools.ant.taskdefs.AbstractCvsTask,323
org.apache.tools.ant.taskdefs.cvslib.CvsTagDiff,133,org.apache.tools.ant.util.FileUtils,146
org.apache.tools.ant.taskdefs.Java,135,org.apache.tools.ant.BuildException,275
org.apache.tools.ant.taskdefs.Java,135,org.apache.tools.ant.ExitException,125
org.apache.tools.ant.taskdefs.Java,135,org.apache.tools.ant.ProjectHelper,38
org.apache.tools.ant.taskdefs.Java,135,org.apache.tools.ant.TaskAdapter,72
org.apache.tools.ant.taskdefs.Java,135,org.apache.tools.ant.types.Commandline,14
org.apache.tools.ant.taskdefs.Java,135,org.apache.tools.ant.types.CommandlineJava,41
org.apache.tools.ant.taskdefs.Java,135,org.apache.tools.ant.types.Environment,189
org.apache.tools.ant.taskdefs.Java,135,org.apache.tools.ant.types.Path,21
org.apache.tools.ant.taskdefs.Java,135,org.apache.tools.ant.types.PropertySet,80
org.apache.tools.ant.taskdefs.Java,135,org.apache.tools.ant.types.Reference,67
org.apache.tools.ant.taskdefs.Java,135,org.apache.tools.ant.types.Assertions,9
org.apache.tools.ant.taskdefs.Java,135,org.apache.tools.ant.types.Permissions,138
org.apache.tools.ant.taskdefs.ConditionTask,136,org.apache.tools.ant.BuildException,275
org.apache.tools.ant.taskdefs.ConditionTask,136,org.apache.tools.ant.ProjectHelper,38
org.apache.tools.ant.taskdefs.ConditionTask,136,org.apache.tools.ant.taskdefs.condition.Condition,259
org.apache.tools.ant.taskdefs.ConditionTask,136,org.apache.tools.ant.taskdefs.condition.ConditionBase,279
org.apache.tools.ant.types.Permissions,138,org.apache.tools.ant.BuildException,275
org.apache.tools.ant.types.Permissions,138,org.apache.tools.ant.ExitException,125
org.apache.tools.ant.taskdefs.Dirname,139,org.apache.tools.ant.BuildException,275
org.apache.tools.ant.taskdefs.Dirname,139,org.apache.tools.ant.TaskAdapter,72
org.apache.tools.ant.taskdefs.Expand,141,org.apache.tools.ant.BuildException,275
org.apache.tools.ant.taskdefs.Expand,141,org.apache.tools.ant.DirectoryScanner,44
org.apache.tools.ant.taskdefs.Expand,141,org.apache.tools.ant.ProjectHelper,38
org.apache.tools.ant.taskdefs.Expand,141,org.apache.tools.ant.TaskAdapter,72
org.apache.tools.ant.taskdefs.Expand,141,org.apache.tools.ant.types.FileSet,77
org.apache.tools.ant.taskdefs.Expand,141,org.apache.tools.ant.types.PatternSet,307
org.apache.tools.ant.taskdefs.Expand,141,org.apache.tools.ant.types.selectors.SelectorUtils,343
org.apache.tools.ant.taskdefs.Expand,141,org.apache.tools.ant.util.FileUtils,146
org.apache.tools.ant.taskdefs.Expand,141,org.apache.tools.zip.ZipEntry,170
org.apache.tools.ant.taskdefs.Expand,141,org.apache.tools.zip.ZipFile,179
org.apache.tools.ant.types.selectors.BaseSelectorContainer,142,org.apache.tools.ant.BuildException,275
org.apache.tools.ant.types.selectors.BaseSelectorContainer,142,org.apache.tools.ant.ProjectHelper,38
org.apache.tools.ant.types.selectors.BaseSelectorContainer,142,org.apache.tools.ant.types.selectors.modifiedselector.ModifiedSelector,256
org.apache.tools.ant.util.regexp.RegexpMatcher,144,org.apache.tools.ant.BuildException,275
org.apache.tools.ant.util.FileUtils,146,org.apache.tools.ant.BuildException,275
org.apache.tools.ant.util.FileUtils,146,org.apache.tools.ant.ProjectHelper,38
org.apache.tools.ant.util.FileUtils,146,org.apache.tools.ant.filters.util.ChainReaderHelper,2
org.apache.tools.ant.util.FileUtils,146,org.apache.tools.ant.taskdefs.condition.Os,331
org.apache.tools.ant.util.FileUtils,146,org.apache.tools.ant.types.FilterSetCollection,96
org.apache.tools.ant.UnknownElement,149,org.apache.tools.ant.taskdefs.PreSetDef,314
org.apache.tools.ant.taskdefs.email.Message,150,org.apache.tools.ant.ProjectComponent,277
org.apache.tools.ant.taskdefs.Exec,8,org.apache.tools.ant.BuildException,275
org.apache.tools.ant.taskdefs.Exec,8,org.apache.tools.ant.ProjectHelper,38
org.apache.tools.ant.taskdefs.Exec,8,org.apache.tools.ant.TaskAdapter,72
org.apache.tools.ant.taskdefs.Unpack,153,org.apache.tools.ant.BuildException,275
org.apache.tools.ant.taskdefs.Unpack,153,org.apache.tools.ant.TaskAdapter,72
org.apache.tools.ant.types.FilterSet,96,org.apache.tools.ant.BuildException,275
org.apache.tools.ant.types.FilterSet,96,org.apache.tools.ant.ProjectHelper,38
org.apache.tools.ant.taskdefs.Zip,156,org.apache.tools.ant.BuildException,275
org.apache.tools.ant.taskdefs.Zip,156,org.apache.tools.ant.DirectoryScanner,44
org.apache.tools.ant.taskdefs.Zip,156,org.apache.tools.ant.ProjectHelper,38
org.apache.tools.ant.taskdefs.Zip,156,org.apache.tools.ant.types.EnumeratedAttribute,311
org.apache.tools.ant.taskdefs.Zip,156,org.apache.tools.ant.types.FileSet,77
org.apache.tools.ant.taskdefs.Zip,156,org.apache.tools.ant.types.PatternSet,307
org.apache.tools.ant.taskdefs.Zip,156,org.apache.tools.ant.types.ResourceLocation,46
org.apache.tools.ant.taskdefs.Zip,156,org.apache.tools.ant.types.ZipFileSet,51
org.apache.tools.ant.taskdefs.Zip,156,org.apache.tools.ant.types.ZipScanner,131
org.apache.tools.ant.taskdefs.Zip,156,org.apache.tools.ant.util.FileNameMapper,201
org.apache.tools.ant.taskdefs.Zip,156,org.apache.tools.ant.util.FileUtils,146
org.apache.tools.ant.taskdefs.Zip,156,org.apache.tools.ant.util.GlobPatternMapper,102
org.apache.tools.ant.taskdefs.Zip,156,org.apache.tools.ant.util.IdentityMapper,234
org.apache.tools.ant.taskdefs.Zip,156,org.apache.tools.ant.util.MergingMapper,53
org.apache.tools.ant.taskdefs.Zip,156,org.apache.tools.ant.util.ResourceUtils,246
org.apache.tools.ant.taskdefs.Zip,156,org.apache.tools.zip.ZipEntry,170
org.apache.tools.ant.taskdefs.Zip,156,org.apache.tools.zip.ZipFile,179
org.apache.tools.ant.taskdefs.Zip,156,org.apache.tools.zip.ZipOutputStream,320
org.apache.tools.ant.util.ScriptRunner,157,org.apache.tools.ant.BuildException,275
org.apache.tools.ant.taskdefs.condition.Or,158,org.apache.tools.ant.BuildException,275
org.apache.tools.ant.taskdefs.Tstamp,159,org.apache.tools.ant.BuildException,275
org.apache.tools.ant.taskdefs.Tstamp,159,org.apache.tools.ant.Location,108
org.apache.tools.ant.taskdefs.Tstamp,159,org.apache.tools.ant.ProjectHelper,38
org.apache.tools.ant.taskdefs.Tstamp,159,org.apache.tools.ant.TaskAdapter,72
org.apache.tools.ant.taskdefs.Tstamp,159,org.apache.tools.ant.types.EnumeratedAttribute,311
org.apache.tools.ant.taskdefs.ExecTask,164,org.apache.tools.ant.BuildException,275
org.apache.tools.ant.taskdefs.ExecTask,164,org.apache.tools.ant.ProjectHelper,38
org.apache.tools.ant.taskdefs.ExecTask,164,org.apache.tools.ant.TaskAdapter,72
org.apache.tools.ant.taskdefs.ExecTask,164,org.apache.tools.ant.types.Commandline,14
org.apache.tools.ant.taskdefs.ExecTask,164,org.apache.tools.ant.types.Environment,189
org.apache.tools.ant.taskdefs.ExecTask,164,org.apache.tools.ant.types.Path,21
org.apache.tools.ant.taskdefs.ExecTask,164,org.apache.tools.ant.util.FileUtils,146
org.apache.tools.ant.taskdefs.compilers.CompilerAdapter,165,org.apache.tools.ant.BuildException,275
org.apache.tools.ant.taskdefs.compilers.CompilerAdapter,165,org.apache.tools.ant.taskdefs.Javac,297
org.apache.tools.ant.taskdefs.Touch,167,org.apache.tools.ant.BuildException,275
org.apache.tools.ant.taskdefs.Touch,167,org.apache.tools.ant.DirectoryScanner,44
org.apache.tools.ant.taskdefs.Touch,167,org.apache.tools.ant.ProjectHelper,38
org.apache.tools.ant.taskdefs.Touch,167,org.apache.tools.ant.TaskAdapter,72
org.apache.tools.ant.taskdefs.Touch,167,org.apache.tools.ant.types.FileSet,77
org.apache.tools.ant.taskdefs.Touch,167,org.apache.tools.ant.util.FileUtils,146
org.apache.tools.ant.taskdefs.Touch,167,org.apache.tools.ant.util.JavaEnvUtils,292
org.apache.tools.ant.taskdefs.Jikes,4,org.apache.tools.ant.BuildException,275
org.apache.tools.ant.taskdefs.Jikes,4,org.apache.tools.ant.ProjectHelper,38
org.apache.tools.ant.taskdefs.Deltree,169,org.apache.tools.ant.BuildException,275
org.apache.tools.ant.taskdefs.Deltree,169,org.apache.tools.ant.TaskAdapter,72
org.apache.tools.ant.taskdefs.Get,171,org.apache.tools.ant.BuildException,275
org.apache.tools.ant.taskdefs.Get,171,org.apache.tools.ant.ProjectHelper,38
org.apache.tools.ant.taskdefs.Get,171,org.apache.tools.ant.TaskAdapter,72
org.apache.tools.ant.taskdefs.Get,171,org.apache.tools.ant.util.FileUtils,146
org.apache.tools.ant.taskdefs.Get,171,org.apache.tools.ant.util.JavaEnvUtils,292
org.apache.tools.ant.types.FileList,172,org.apache.tools.ant.BuildException,275
org.apache.tools.ant.types.FileList,172,org.apache.tools.ant.ProjectHelper,38
org.apache.tools.ant.taskdefs.Property,173,org.apache.tools.ant.BuildException,275
org.apache.tools.ant.taskdefs.Property,173,org.apache.tools.ant.ProjectHelper,38
org.apache.tools.ant.taskdefs.Property,173,org.apache.tools.ant.ProjectHelper,38
org.apache.tools.ant.taskdefs.Property,173,org.apache.tools.ant.TaskAdapter,72
org.apache.tools.ant.taskdefs.Property,173,org.apache.tools.ant.types.Path,21
org.apache.tools.ant.taskdefs.Property,173,org.apache.tools.ant.types.Reference,67
org.apache.tools.ant.taskdefs.Untar,175,org.apache.tools.ant.BuildException,275
org.apache.tools.ant.taskdefs.Untar,175,org.apache.tools.ant.ProjectHelper,38
org.apache.tools.ant.taskdefs.Untar,175,org.apache.tools.ant.types.EnumeratedAttribute,311
org.apache.tools.ant.taskdefs.Untar,175,org.apache.tools.ant.util.FileUtils,146
org.apache.tools.ant.taskdefs.Untar,175,org.apache.tools.bzip2.CBZip2InputStream,145
org.apache.tools.ant.taskdefs.Untar,175,org.apache.tools.tar.TarEntry,224
org.apache.tools.ant.taskdefs.Untar,175,org.apache.tools.tar.TarInputStream,84
org.apache.tools.ant.taskdefs.ManifestTask,176,org.apache.tools.ant.BuildException,275
org.apache.tools.ant.taskdefs.ManifestTask,176,org.apache.tools.ant.ProjectHelper,38
org.apache.tools.ant.taskdefs.ManifestTask,176,org.apache.tools.ant.TaskAdapter,72
org.apache.tools.ant.taskdefs.ManifestTask,176,org.apache.tools.ant.types.EnumeratedAttribute,311
org.apache.tools.ant.taskdefs.compilers.Sj,180,org.apache.tools.ant.BuildException,275
org.apache.tools.ant.taskdefs.compilers.Sj,180,org.apache.tools.ant.ProjectHelper,38
org.apache.tools.ant.taskdefs.compilers.Sj,180,org.apache.tools.ant.types.Commandline,14
org.apache.tools.ant.taskdefs.Filter,181,org.apache.tools.ant.BuildException,275
org.apache.tools.ant.taskdefs.Filter,181,org.apache.tools.ant.ProjectHelper,38
org.apache.tools.ant.taskdefs.Filter,181,org.apache.tools.ant.TaskAdapter,72
org.apache.tools.ant.taskdefs.Recorder,183,org.apache.tools.ant.BuildException,275
org.apache.tools.ant.taskdefs.Recorder,183,org.apache.tools.ant.ProjectHelper,38
org.apache.tools.ant.taskdefs.Recorder,183,org.apache.tools.ant.TaskAdapter,72
org.apache.tools.ant.taskdefs.Recorder,183,org.apache.tools.ant.types.EnumeratedAttribute,311
org.apache.tools.ant.taskdefs.Echo,184,org.apache.tools.ant.BuildException,275
org.apache.tools.ant.taskdefs.Echo,184,org.apache.tools.ant.ProjectHelper,38
org.apache.tools.ant.taskdefs.Echo,184,org.apache.tools.ant.TaskAdapter,72
org.apache.tools.ant.taskdefs.Echo,184,org.apache.tools.ant.types.EnumeratedAttribute,311
org.apache.tools.ant.taskdefs.Parallel,186,org.apache.tools.ant.BuildException,275
org.apache.tools.ant.taskdefs.Parallel,186,org.apache.tools.ant.Location,108
org.apache.tools.ant.taskdefs.Parallel,186,org.apache.tools.ant.TaskAdapter,72
org.apache.tools.ant.taskdefs.Parallel,186,org.apache.tools.ant.TaskContainer,187
org.apache.tools.ant.taskdefs.Parallel,186,org.apache.tools.ant.util.StringUtils,243
org.apache.tools.ant.filters.StripLineBreaks,188,org.apache.tools.ant.types.Parameter,74
org.apache.tools.ant.types.Environment,189,org.apache.tools.ant.BuildException,275
org.apache.tools.ant.taskdefs.DependSet,190,org.apache.tools.ant.BuildException,275
org.apache.tools.ant.taskdefs.DependSet,190,org.apache.tools.ant.DirectoryScanner,44
org.apache.tools.ant.taskdefs.DependSet,190,org.apache.tools.ant.ProjectHelper,38
org.apache.tools.ant.taskdefs.DependSet,190,org.apache.tools.ant.taskdefs.condition.Os,331
org.apache.tools.ant.taskdefs.DependSet,190,org.apache.tools.ant.types.FileList,172
org.apache.tools.ant.taskdefs.DependSet,190,org.apache.tools.ant.types.FileSet,77
org.apache.tools.ant.types.selectors.ExtendSelector,191,org.apache.tools.ant.ProjectHelper,38
org.apache.tools.ant.types.selectors.ExtendSelector,191,org.apache.tools.ant.AntClassLoader,340
org.apache.tools.ant.types.selectors.ExtendSelector,191,org.apache.tools.ant.BuildException,275
org.apache.tools.ant.types.selectors.ExtendSelector,191,org.apache.tools.ant.types.Parameter,74
org.apache.tools.ant.types.selectors.ExtendSelector,191,org.apache.tools.ant.types.Path,21
org.apache.tools.ant.types.selectors.ExtendSelector,191,org.apache.tools.ant.types.Reference,67
org.apache.tools.ant.taskdefs.Available,193,org.apache.tools.ant.AntClassLoader,340
org.apache.tools.ant.taskdefs.Available,193,org.apache.tools.ant.BuildException,275
org.apache.tools.ant.taskdefs.Available,193,org.apache.tools.ant.ProjectHelper,38
org.apache.tools.ant.taskdefs.Available,193,org.apache.tools.ant.TaskAdapter,72
org.apache.tools.ant.taskdefs.Available,193,org.apache.tools.ant.taskdefs.condition.Condition,259
org.apache.tools.ant.taskdefs.Available,193,org.apache.tools.ant.types.EnumeratedAttribute,311
org.apache.tools.ant.taskdefs.Available,193,org.apache.tools.ant.types.Path,21
org.apache.tools.ant.taskdefs.Available,193,org.apache.tools.ant.types.Reference,67
org.apache.tools.ant.taskdefs.Available,193,org.apache.tools.ant.util.FileUtils,146
org.apache.tools.ant.taskdefs.Available,193,org.apache.tools.ant.util.StringUtils,243
org.apache.tools.ant.taskdefs.LogStreamHandler,194,org.apache.tools.ant.BuildException,275
org.apache.tools.ant.taskdefs.LogStreamHandler,194,org.apache.tools.ant.TaskAdapter,72
org.apache.tools.ant.Main,196,org.apache.tools.ant.input.DefaultInputHandler,214
org.apache.tools.ant.Main,196,org.apache.tools.ant.input.InputHandler,35
org.apache.tools.ant.Main,196,org.apache.tools.ant.util.JavaEnvUtils,292
org.apache.tools.ant.util.regexp.Regexp,144,org.apache.tools.ant.BuildException,275
org.apache.tools.ant.taskdefs.Mkdir,199,org.apache.tools.ant.BuildException,275
org.apache.tools.ant.taskdefs.Mkdir,199,org.apache.tools.ant.TaskAdapter,72
org.apache.tools.ant.taskdefs.condition.Http,202,org.apache.tools.ant.BuildException,275
org.apache.tools.ant.taskdefs.condition.Http,202,org.apache.tools.ant.ProjectHelper,38
org.apache.tools.ant.taskdefs.condition.Http,202,org.apache.tools.ant.ProjectComponent,277
org.apache.tools.ant.taskdefs.Patch,203,org.apache.tools.ant.BuildException,275
org.apache.tools.ant.taskdefs.Patch,203,org.apache.tools.ant.ProjectHelper,38
org.apache.tools.ant.taskdefs.Patch,203,org.apache.tools.ant.TaskAdapter,72
org.apache.tools.ant.taskdefs.Patch,203,org.apache.tools.ant.types.Commandline,14
org.apache.tools.ant.taskdefs.FixCRLF,204,org.apache.tools.ant.BuildException,275
org.apache.tools.ant.taskdefs.FixCRLF,204,org.apache.tools.ant.DirectoryScanner,44
org.apache.tools.ant.taskdefs.FixCRLF,204,org.apache.tools.ant.ProjectHelper,38
org.apache.tools.ant.taskdefs.FixCRLF,204,org.apache.tools.ant.taskdefs.condition.Os,331
org.apache.tools.ant.taskdefs.FixCRLF,204,org.apache.tools.ant.types.EnumeratedAttribute,311
org.apache.tools.ant.taskdefs.FixCRLF,204,org.apache.tools.ant.util.FileUtils,146
org.apache.tools.ant.types.RegularExpression,206,org.apache.tools.ant.BuildException,275
org.apache.tools.ant.types.RegularExpression,206,org.apache.tools.ant.ProjectHelper,38
org.apache.tools.ant.types.RegularExpression,206,org.apache.tools.ant.util.regexp.RegexpMatcher,144
org.apache.tools.ant.types.RegularExpression,206,org.apache.tools.ant.util.regexp.RegexpFactory,257
org.apache.tools.ant.taskdefs.Javadoc,207,org.apache.tools.ant.BuildException,275
org.apache.tools.ant.taskdefs.Javadoc,207,org.apache.tools.ant.DirectoryScanner,44
org.apache.tools.ant.taskdefs.Javadoc,207,org.apache.tools.ant.ProjectHelper,38
org.apache.tools.ant.taskdefs.Javadoc,207,org.apache.tools.ant.ProjectComponent,277
org.apache.tools.ant.taskdefs.Javadoc,207,org.apache.tools.ant.TaskAdapter,72
org.apache.tools.ant.taskdefs.Javadoc,207,org.apache.tools.ant.types.Commandline,14
org.apache.tools.ant.taskdefs.Javadoc,207,org.apache.tools.ant.types.DirSet,155
org.apache.tools.ant.taskdefs.Javadoc,207,org.apache.tools.ant.types.EnumeratedAttribute,311
org.apache.tools.ant.taskdefs.Javadoc,207,org.apache.tools.ant.types.FileSet,77
org.apache.tools.ant.taskdefs.Javadoc,207,org.apache.tools.ant.types.Path,21
org.apache.tools.ant.taskdefs.Javadoc,207,org.apache.tools.ant.types.PatternSet,307
org.apache.tools.ant.taskdefs.Javadoc,207,org.apache.tools.ant.types.Reference,67
org.apache.tools.ant.taskdefs.Javadoc,207,org.apache.tools.ant.util.FileUtils,146
org.apache.tools.ant.taskdefs.Javadoc,207,org.apache.tools.ant.util.JavaEnvUtils,292
org.apache.tools.ant.util.facade.ImplementationSpecificArgument,211,org.apache.tools.ant.types.Commandline,14
org.apache.tools.ant.taskdefs.Rename,213,org.apache.tools.ant.BuildException,275
org.apache.tools.ant.taskdefs.Rename,213,org.apache.tools.ant.ProjectHelper,38
org.apache.tools.ant.taskdefs.Rename,213,org.apache.tools.ant.TaskAdapter,72
org.apache.tools.ant.taskdefs.Rename,213,org.apache.tools.ant.util.FileUtils,146
org.apache.tools.ant.input.DefaultInputHandler,214,org.apache.tools.ant.BuildException,275
org.apache.tools.ant.input.DefaultInputHandler,214,org.apache.tools.ant.util.KeepAliveInputStream,293
org.apache.tools.ant.taskdefs.condition.FilesMatch,215,org.apache.tools.ant.BuildException,275
org.apache.tools.ant.taskdefs.condition.FilesMatch,215,org.apache.tools.ant.util.FileUtils,146
org.apache.tools.ant.loader.AntClassLoader2,216,org.apache.tools.ant.AntClassLoader,340
org.apache.tools.ant.loader.AntClassLoader2,216,org.apache.tools.ant.ProjectHelper,38
org.apache.tools.ant.loader.AntClassLoader2,216,org.apache.tools.ant.util.FileUtils,146
org.apache.tools.ant.types.Substitution,220,org.apache.tools.ant.BuildException,275
org.apache.tools.ant.types.Substitution,220,org.apache.tools.ant.ProjectHelper,38
org.apache.tools.ant.taskdefs.Checksum,221,org.apache.tools.ant.BuildException,275
org.apache.tools.ant.taskdefs.Checksum,221,org.apache.tools.ant.DirectoryScanner,44
org.apache.tools.ant.taskdefs.Checksum,221,org.apache.tools.ant.ProjectHelper,38
org.apache.tools.ant.taskdefs.Checksum,221,org.apache.tools.ant.taskdefs.condition.Condition,259
org.apache.tools.ant.taskdefs.Checksum,221,org.apache.tools.ant.types.FileSet,77
org.apache.tools.ant.types.selectors.modifiedselector.DigestAlgorithm,222,org.apache.tools.ant.BuildException,275
org.apache.tools.ant.util.JAXPUtils,223,org.apache.tools.ant.BuildException,275
org.apache.tools.ant.taskdefs.cvslib.ChangeLogTask,226,org.apache.tools.ant.BuildException,275
org.apache.tools.ant.taskdefs.cvslib.ChangeLogTask,226,org.apache.tools.ant.DirectoryScanner,44
org.apache.tools.ant.taskdefs.cvslib.ChangeLogTask,226,org.apache.tools.ant.ProjectHelper,38
org.apache.tools.ant.taskdefs.cvslib.ChangeLogTask,226,org.apache.tools.ant.TaskAdapter,72
org.apache.tools.ant.taskdefs.cvslib.ChangeLogTask,226,org.apache.tools.ant.taskdefs.ExecuteOn,8
org.apache.tools.ant.taskdefs.cvslib.ChangeLogTask,226,org.apache.tools.ant.types.Commandline,14
org.apache.tools.ant.taskdefs.cvslib.ChangeLogTask,226,org.apache.tools.ant.types.FileSet,77
org.apache.tools.ant.taskdefs.rmic.WLRmic,227,org.apache.tools.ant.AntClassLoader,340
org.apache.tools.ant.taskdefs.rmic.WLRmic,227,org.apache.tools.ant.BuildException,275
org.apache.tools.ant.taskdefs.rmic.WLRmic,227,org.apache.tools.ant.ProjectHelper,38
org.apache.tools.ant.taskdefs.rmic.WLRmic,227,org.apache.tools.ant.types.Commandline,14
org.apache.tools.ant.taskdefs.Execute,8,org.apache.tools.ant.BuildException,275
org.apache.tools.ant.taskdefs.Execute,8,org.apache.tools.ant.ProjectHelper,38
org.apache.tools.ant.taskdefs.Execute,8,org.apache.tools.ant.TaskAdapter,72
org.apache.tools.ant.taskdefs.Execute,8,org.apache.tools.ant.taskdefs.condition.Os,331
org.apache.tools.ant.taskdefs.Execute,8,org.apache.tools.ant.types.Commandline,14
org.apache.tools.ant.filters.LineContains,17,org.apache.tools.ant.types.Parameter,74
org.apache.tools.ant.Target,232,org.apache.tools.ant.util.CollectionUtils,143
org.apache.tools.ant.types.FilterChain,233,org.apache.tools.ant.BuildException,275
org.apache.tools.ant.types.FilterChain,233,org.apache.tools.ant.filters.ChainableReader,288
org.apache.tools.ant.types.FilterChain,233,org.apache.tools.ant.filters.ClassConstants,163
org.apache.tools.ant.types.FilterChain,233,org.apache.tools.ant.filters.EscapeUnicode,151
org.apache.tools.ant.types.FilterChain,233,org.apache.tools.ant.filters.ExpandProperties,43
org.apache.tools.ant.types.FilterChain,233,org.apache.tools.ant.filters.HeadFilter,249
org.apache.tools.ant.types.FilterChain,233,org.apache.tools.ant.filters.LineContainsRegExp,17
org.apache.tools.ant.types.FilterChain,233,org.apache.tools.ant.filters.LineContainsRegExp,17
org.apache.tools.ant.types.FilterChain,233,org.apache.tools.ant.filters.PrefixLines,247
org.apache.tools.ant.types.FilterChain,233,org.apache.tools.ant.filters.ReplaceTokens,280
org.apache.tools.ant.types.FilterChain,233,org.apache.tools.ant.filters.StripJavaComments,121
org.apache.tools.ant.types.FilterChain,233,org.apache.tools.ant.filters.StripLineBreaks,188
org.apache.tools.ant.types.FilterChain,233,org.apache.tools.ant.filters.StripLineComments,22
org.apache.tools.ant.types.FilterChain,233,org.apache.tools.ant.filters.TabsToSpaces,266
org.apache.tools.ant.types.FilterChain,233,org.apache.tools.ant.filters.TailFilter,42
org.apache.tools.ant.types.FilterChain,233,org.apache.tools.ant.filters.TokenFilter,120
org.apache.tools.ant.types.selectors.DateSelector,235,org.apache.tools.ant.ProjectHelper,38
org.apache.tools.ant.types.selectors.DateSelector,235,org.apache.tools.ant.taskdefs.condition.Os,331
org.apache.tools.ant.types.selectors.DateSelector,235,org.apache.tools.ant.types.EnumeratedAttribute,311
org.apache.tools.ant.types.selectors.DateSelector,235,org.apache.tools.ant.types.Parameter,74
org.apache.tools.ant.taskdefs.ExecuteJava,236,org.apache.tools.ant.AntClassLoader,340
org.apache.tools.ant.taskdefs.ExecuteJava,236,org.apache.tools.ant.BuildException,275
org.apache.tools.ant.taskdefs.ExecuteJava,236,org.apache.tools.ant.ProjectHelper,38
org.apache.tools.ant.taskdefs.ExecuteJava,236,org.apache.tools.ant.TaskAdapter,72
org.apache.tools.ant.taskdefs.ExecuteJava,236,org.apache.tools.ant.types.Commandline,14
org.apache.tools.ant.taskdefs.ExecuteJava,236,org.apache.tools.ant.types.CommandlineJava,41
org.apache.tools.ant.taskdefs.ExecuteJava,236,org.apache.tools.ant.types.Path,21
org.apache.tools.ant.taskdefs.ExecuteJava,236,org.apache.tools.ant.types.Permissions,138
org.apache.tools.ant.taskdefs.ExecuteJava,236,org.apache.tools.ant.util.TimeoutObserver,129
org.apache.tools.ant.taskdefs.ExecuteJava,236,org.apache.tools.ant.util.Watchdog,162
org.apache.tools.ant.taskdefs.Sleep,238,org.apache.tools.ant.BuildException,275
org.apache.tools.ant.taskdefs.Sleep,238,org.apache.tools.ant.ProjectHelper,38
org.apache.tools.ant.taskdefs.Sleep,238,org.apache.tools.ant.TaskAdapter,72
org.apache.tools.ant.taskdefs.cvslib.RedirectingStreamHandler,240,org.apache.tools.ant.BuildException,275
org.apache.tools.ant.taskdefs.cvslib.RedirectingStreamHandler,240,org.apache.tools.ant.taskdefs.PumpStreamHandler,45
org.apache.tools.ant.taskdefs.compilers.Kjc,241,org.apache.tools.ant.BuildException,275
org.apache.tools.ant.taskdefs.compilers.Kjc,241,org.apache.tools.ant.ProjectHelper,38
org.apache.tools.ant.taskdefs.compilers.Kjc,241,org.apache.tools.ant.types.Commandline,14
org.apache.tools.ant.taskdefs.compilers.Kjc,241,org.apache.tools.ant.types.Path,21
org.apache.tools.ant.listener.AnsiColorLogger,242,org.apache.tools.ant.DefaultLogger,83
org.apache.tools.ant.listener.AnsiColorLogger,242,org.apache.tools.ant.ProjectHelper,38
org.apache.tools.ant.taskdefs.XmlProperty,244,org.apache.tools.ant.BuildException,275
org.apache.tools.ant.taskdefs.XmlProperty,244,org.apache.tools.ant.ProjectHelper,38
org.apache.tools.ant.taskdefs.XmlProperty,244,org.apache.tools.ant.types.Path,21
org.apache.tools.ant.taskdefs.XmlProperty,244,org.apache.tools.ant.util.FileUtils,146
org.apache.tools.ant.types.selectors.ContainsSelector,245,org.apache.tools.ant.BuildException,275
org.apache.tools.ant.types.selectors.ContainsSelector,245,org.apache.tools.ant.ProjectHelper,38
org.apache.tools.ant.types.selectors.ContainsSelector,245,org.apache.tools.ant.types.Parameter,74
org.apache.tools.ant.util.ResourceUtils,246,org.apache.tools.ant.ProjectHelper,38
org.apache.tools.ant.util.ResourceUtils,246,org.apache.tools.ant.ProjectComponent,277
org.apache.tools.ant.util.ResourceUtils,246,org.apache.tools.ant.taskdefs.condition.Os,331
org.apache.tools.ant.util.ResourceUtils,246,org.apache.tools.ant.types.ResourceLocation,46
org.apache.tools.ant.util.ResourceUtils,246,org.apache.tools.ant.types.ResourceFactory,166
org.apache.tools.ant.filters.PrefixLines,247,org.apache.tools.ant.types.Parameter,74
org.apache.tools.ant.taskdefs.compilers.Javac13,248,org.apache.tools.ant.BuildException,275
org.apache.tools.ant.taskdefs.compilers.Javac13,248,org.apache.tools.ant.ProjectHelper,38
org.apache.tools.ant.taskdefs.compilers.Javac13,248,org.apache.tools.ant.types.Commandline,14
org.apache.tools.ant.filters.HeadFilter,249,org.apache.tools.ant.util.LineTokenizer,71
org.apache.tools.ant.filters.HeadFilter,249,org.apache.tools.ant.types.Parameter,74
org.apache.tools.ant.taskdefs.compilers.DefaultCompilerAdapter,250,org.apache.tools.ant.BuildException,275
org.apache.tools.ant.taskdefs.compilers.DefaultCompilerAdapter,250,org.apache.tools.ant.Location,108
org.apache.tools.ant.taskdefs.compilers.DefaultCompilerAdapter,250,org.apache.tools.ant.ProjectHelper,38
org.apache.tools.ant.taskdefs.compilers.DefaultCompilerAdapter,250,org.apache.tools.ant.taskdefs.ExecuteOn,8
org.apache.tools.ant.taskdefs.compilers.DefaultCompilerAdapter,250,org.apache.tools.ant.taskdefs.Javac,297
org.apache.tools.ant.taskdefs.compilers.DefaultCompilerAdapter,250,org.apache.tools.ant.taskdefs.LogStreamHandler,194
org.apache.tools.ant.taskdefs.compilers.DefaultCompilerAdapter,250,org.apache.tools.ant.types.Commandline,14
org.apache.tools.ant.taskdefs.compilers.DefaultCompilerAdapter,250,org.apache.tools.ant.types.Path,21
org.apache.tools.ant.taskdefs.compilers.DefaultCompilerAdapter,250,org.apache.tools.ant.util.FileUtils,146
org.apache.tools.ant.taskdefs.compilers.DefaultCompilerAdapter,250,org.apache.tools.ant.util.JavaEnvUtils,292
org.apache.tools.ant.NoBannerLogger,251,org.apache.tools.ant.util.StringUtils,243
org.apache.tools.ant.taskdefs.condition.IsFalse,252,org.apache.tools.ant.BuildException,275
org.apache.tools.ant.taskdefs.condition.IsFalse,252,org.apache.tools.ant.ProjectComponent,277
org.apache.tools.ant.filters.BaseParamFilterReader,253,org.apache.tools.ant.types.Parameter,74
org.apache.tools.ant.filters.BaseParamFilterReader,253,org.apache.tools.ant.types.Parameterizable,178
org.apache.tools.ant.taskdefs.Sync,255,org.apache.tools.ant.BuildException,275
org.apache.tools.ant.taskdefs.Sync,255,org.apache.tools.ant.ProjectHelper,38
org.apache.tools.ant.taskdefs.Sync,255,org.apache.tools.ant.TaskAdapter,72
org.apache.tools.ant.taskdefs.Sync,255,org.apache.tools.ant.types.FileSet,77
org.apache.tools.ant.taskdefs.Sync,255,org.apache.tools.ant.util.FileNameMapper,201
org.apache.tools.ant.taskdefs.Sync,255,org.apache.tools.ant.util.IdentityMapper,234
org.apache.tools.ant.types.selectors.modifiedselector.ModifiedSelector,256,org.apache.tools.ant.ProjectHelper,38
org.apache.tools.ant.types.selectors.modifiedselector.ModifiedSelector,256,org.apache.tools.ant.IntrospectionHelper,75
org.apache.tools.ant.types.selectors.modifiedselector.ModifiedSelector,256,org.apache.tools.ant.types.EnumeratedAttribute,311
org.apache.tools.ant.types.selectors.modifiedselector.ModifiedSelector,256,org.apache.tools.ant.types.Parameter,74
org.apache.tools.ant.types.selectors.modifiedselector.ModifiedSelector,256,org.apache.tools.ant.types.selectors.BaseExtendSelector,263
org.apache.tools.ant.util.regexp.RegexpFactory,257,org.apache.tools.ant.BuildException,275
org.apache.tools.ant.util.regexp.RegexpFactory,257,org.apache.tools.ant.ProjectHelper,38
org.apache.tools.ant.taskdefs.condition.Condition,259,org.apache.tools.ant.BuildException,275
org.apache.tools.ant.taskdefs.cvslib.RedirectingOutputStream,260,org.apache.tools.ant.taskdefs.LogOutputStream,283
org.apache.tools.ant.taskdefs.Pack,261,org.apache.tools.ant.BuildException,275
org.apache.tools.ant.taskdefs.Pack,261,org.apache.tools.ant.TaskAdapter,72
org.apache.tools.ant.types.Mapper,262,org.apache.tools.ant.AntClassLoader,340
org.apache.tools.ant.types.Mapper,262,org.apache.tools.ant.BuildException,275
org.apache.tools.ant.types.Mapper,262,org.apache.tools.ant.ProjectHelper,38
org.apache.tools.ant.types.Mapper,262,org.apache.tools.ant.util.FileNameMapper,201
org.apache.tools.ant.types.selectors.BaseExtendSelector,263,org.apache.tools.ant.BuildException,275
org.apache.tools.ant.types.selectors.BaseExtendSelector,263,org.apache.tools.ant.types.Parameter,74
org.apache.tools.ant.taskdefs.Ear,264,org.apache.tools.ant.BuildException,275
org.apache.tools.ant.taskdefs.Ear,264,org.apache.tools.ant.ProjectHelper,38
org.apache.tools.ant.taskdefs.Ear,264,org.apache.tools.ant.types.ZipFileSet,51
org.apache.tools.ant.taskdefs.Ear,264,org.apache.tools.ant.util.FileUtils,146
org.apache.tools.ant.taskdefs.Ear,264,org.apache.tools.zip.ZipOutputStream,320
org.apache.tools.ant.taskdefs.Taskdef,265,org.apache.tools.ant.TaskAdapter,72
org.apache.tools.ant.taskdefs.Taskdef,265,org.apache.tools.ant.TaskAdapter,72
org.apache.tools.ant.filters.TabsToSpaces,266,org.apache.tools.ant.types.Parameter,74
org.apache.tools.ant.listener.MailLogger,267,org.apache.tools.ant.BuildEvent,269
org.apache.tools.ant.listener.MailLogger,267,org.apache.tools.ant.DefaultLogger,83
org.apache.tools.ant.listener.MailLogger,267,org.apache.tools.ant.ProjectHelper,38
org.apache.tools.ant.listener.MailLogger,267,org.apache.tools.ant.taskdefs.email.EmailAddress,128
org.apache.tools.ant.listener.MailLogger,267,org.apache.tools.ant.taskdefs.email.Message,150
org.apache.tools.ant.listener.MailLogger,267,org.apache.tools.ant.taskdefs.email.Mailer,290
org.apache.tools.ant.listener.MailLogger,267,org.apache.tools.ant.util.DateUtils,230
org.apache.tools.ant.listener.MailLogger,267,org.apache.tools.ant.util.StringUtils,243
org.apache.tools.ant.listener.MailLogger,267,org.apache.tools.mail.MailMessage,79
org.apache.tools.ant.taskdefs.Concat,268,org.apache.tools.ant.BuildException,275
org.apache.tools.ant.taskdefs.Concat,268,org.apache.tools.ant.DirectoryScanner,44
org.apache.tools.ant.taskdefs.Concat,268,org.apache.tools.ant.ProjectHelper,38
org.apache.tools.ant.taskdefs.Concat,268,org.apache.tools.ant.ProjectComponent,277
org.apache.tools.ant.taskdefs.Concat,268,org.apache.tools.ant.TaskAdapter,72
org.apache.tools.ant.taskdefs.Concat,268,org.apache.tools.ant.filters.util.ChainReaderHelper,2
org.apache.tools.ant.taskdefs.Concat,268,org.apache.tools.ant.types.FileList,172
org.apache.tools.ant.taskdefs.Concat,268,org.apache.tools.ant.types.FileSet,77
org.apache.tools.ant.taskdefs.Concat,268,org.apache.tools.ant.types.FilterChain,233
org.apache.tools.ant.taskdefs.Concat,268,org.apache.tools.ant.types.Path,21
org.apache.tools.ant.taskdefs.Concat,268,org.apache.tools.ant.util.FileUtils,146
org.apache.tools.ant.taskdefs.Jar,270,org.apache.tools.ant.BuildException,275
org.apache.tools.ant.taskdefs.Jar,270,org.apache.tools.ant.ProjectHelper,38
org.apache.tools.ant.taskdefs.Jar,270,org.apache.tools.ant.types.EnumeratedAttribute,311
org.apache.tools.ant.taskdefs.Jar,270,org.apache.tools.ant.types.FileSet,77
org.apache.tools.ant.taskdefs.Jar,270,org.apache.tools.ant.types.ZipFileSet,51
org.apache.tools.ant.taskdefs.Jar,270,org.apache.tools.zip.ZipOutputStream,320
org.apache.tools.ant.taskdefs.Delete,271,org.apache.tools.ant.BuildException,275
org.apache.tools.ant.taskdefs.Delete,271,org.apache.tools.ant.DirectoryScanner,44
org.apache.tools.ant.taskdefs.Delete,271,org.apache.tools.ant.ProjectHelper,38
org.apache.tools.ant.taskdefs.Delete,271,org.apache.tools.ant.types.FileSet,77
org.apache.tools.ant.taskdefs.Delete,271,org.apache.tools.ant.types.PatternSet,307
org.apache.tools.ant.taskdefs.Delete,271,org.apache.tools.ant.types.selectors.AndSelector,305
org.apache.tools.ant.taskdefs.Delete,271,org.apache.tools.ant.types.selectors.ContainsRegexpSelector,330
org.apache.tools.ant.taskdefs.Delete,271,org.apache.tools.ant.types.selectors.ContainsSelector,245
org.apache.tools.ant.taskdefs.Delete,271,org.apache.tools.ant.types.selectors.DateSelector,235
org.apache.tools.ant.taskdefs.Delete,271,org.apache.tools.ant.types.selectors.DependSelector,115
org.apache.tools.ant.taskdefs.Delete,271,org.apache.tools.ant.types.selectors.DepthSelector,132
org.apache.tools.ant.taskdefs.Delete,271,org.apache.tools.ant.types.selectors.ExtendSelector,191
org.apache.tools.ant.taskdefs.Delete,271,org.apache.tools.ant.types.selectors.FilenameSelector,27
org.apache.tools.ant.taskdefs.Delete,271,org.apache.tools.ant.types.selectors.MajoritySelector,254
org.apache.tools.ant.taskdefs.Delete,271,org.apache.tools.ant.types.selectors.NoneSelector,212
org.apache.tools.ant.taskdefs.Delete,271,org.apache.tools.ant.types.selectors.NotSelector,15
org.apache.tools.ant.taskdefs.Delete,271,org.apache.tools.ant.types.selectors.OrSelector,1
org.apache.tools.ant.taskdefs.Delete,271,org.apache.tools.ant.types.selectors.PresentSelector,95
org.apache.tools.ant.taskdefs.Delete,271,org.apache.tools.ant.types.selectors.SelectSelector,26
org.apache.tools.ant.taskdefs.Delete,271,org.apache.tools.ant.types.selectors.SizeSelector,344
org.apache.tools.ant.taskdefs.Delete,271,org.apache.tools.ant.types.selectors.FileSelector,20
org.apache.tools.ant.taskdefs.Delete,271,org.apache.tools.ant.types.selectors.modifiedselector.ModifiedSelector,256
org.apache.tools.ant.taskdefs.compilers.JavacExternal,272,org.apache.tools.ant.BuildException,275
org.apache.tools.ant.taskdefs.compilers.JavacExternal,272,org.apache.tools.ant.ProjectHelper,38
org.apache.tools.ant.taskdefs.compilers.JavacExternal,272,org.apache.tools.ant.types.Commandline,14
org.apache.tools.ant.taskdefs.WhichResource,273,org.apache.tools.ant.types.Path,21
org.apache.tools.ant.taskdefs.WhichResource,273,org.apache.tools.ant.TaskAdapter,72
org.apache.tools.ant.taskdefs.WhichResource,273,org.apache.tools.ant.BuildException,275
org.apache.tools.ant.taskdefs.WhichResource,273,org.apache.tools.ant.ProjectHelper,38
org.apache.tools.ant.taskdefs.WhichResource,273,org.apache.tools.ant.AntClassLoader,340
org.apache.tools.ant.taskdefs.email.PlainMailer,274,org.apache.tools.ant.BuildException,275
org.apache.tools.ant.taskdefs.email.PlainMailer,274,org.apache.tools.mail.MailMessage,79
org.apache.tools.ant.taskdefs.CVSPass,276,org.apache.tools.ant.BuildException,275
org.apache.tools.ant.taskdefs.CVSPass,276,org.apache.tools.ant.ProjectHelper,38
org.apache.tools.ant.taskdefs.CVSPass,276,org.apache.tools.ant.TaskAdapter,72
org.apache.tools.ant.taskdefs.CVSPass,276,org.apache.tools.ant.util.StringUtils,243
org.apache.tools.ant.taskdefs.GZip,278,org.apache.tools.ant.BuildException,275
org.apache.tools.ant.taskdefs.condition.ConditionBase,279,org.apache.tools.ant.ProjectComponent,277
org.apache.tools.ant.taskdefs.condition.ConditionBase,279,org.apache.tools.ant.taskdefs.Available,193
org.apache.tools.ant.taskdefs.condition.ConditionBase,279,org.apache.tools.ant.taskdefs.Checksum,221
org.apache.tools.ant.taskdefs.condition.ConditionBase,279,org.apache.tools.ant.taskdefs.UpToDate,291
org.apache.tools.ant.filters.ReplaceTokens,280,org.apache.tools.ant.types.Parameter,74
org.apache.tools.ant.filters.ReplaceTokens,280,org.apache.tools.ant.BuildException,275
org.apache.tools.ant.util.RegexpPatternMapper,281,org.apache.tools.ant.BuildException,275
org.apache.tools.ant.util.RegexpPatternMapper,281,org.apache.tools.ant.util.regexp.RegexpMatcher,144
org.apache.tools.ant.util.RegexpPatternMapper,281,org.apache.tools.ant.util.regexp.RegexpMatcherFactory,328
org.apache.tools.ant.taskdefs.condition.Equals,282,org.apache.tools.ant.BuildException,275
org.apache.tools.ant.taskdefs.LogOutputStream,283,org.apache.tools.ant.ProjectHelper,38
org.apache.tools.ant.taskdefs.LogOutputStream,283,org.apache.tools.ant.TaskAdapter,72
org.apache.tools.ant.taskdefs.WaitFor,284,org.apache.tools.ant.BuildException,275
org.apache.tools.ant.taskdefs.WaitFor,284,org.apache.tools.ant.taskdefs.condition.Condition,259
org.apache.tools.ant.taskdefs.WaitFor,284,org.apache.tools.ant.taskdefs.condition.ConditionBase,279
org.apache.tools.ant.taskdefs.WaitFor,284,org.apache.tools.ant.types.EnumeratedAttribute,311
org.apache.tools.ant.taskdefs.DefBase,285,org.apache.tools.ant.AntClassLoader,340
org.apache.tools.ant.taskdefs.DefBase,285,org.apache.tools.ant.BuildException,275
org.apache.tools.ant.taskdefs.DefBase,285,org.apache.tools.ant.ProjectHelper,38
org.apache.tools.ant.taskdefs.DefBase,285,org.apache.tools.ant.types.Path,21
org.apache.tools.ant.taskdefs.DefBase,285,org.apache.tools.ant.types.Reference,67
org.apache.tools.ant.taskdefs.DefBase,285,org.apache.tools.ant.util.ClasspathUtils,315
org.apache.tools.ant.taskdefs.rmic.RmicAdapter,104,org.apache.tools.ant.BuildException,275
org.apache.tools.ant.taskdefs.rmic.RmicAdapter,104,org.apache.tools.ant.taskdefs.Rmic,321
org.apache.tools.ant.taskdefs.rmic.RmicAdapter,104,org.apache.tools.ant.types.Path,21
org.apache.tools.ant.taskdefs.rmic.RmicAdapter,104,org.apache.tools.ant.util.FileNameMapper,201
org.apache.tools.ant.taskdefs.condition.Socket,289,org.apache.tools.ant.BuildException,275
org.apache.tools.ant.taskdefs.condition.Socket,289,org.apache.tools.ant.ProjectHelper,38
org.apache.tools.ant.taskdefs.condition.Socket,289,org.apache.tools.ant.ProjectComponent,277
org.apache.tools.ant.taskdefs.email.Mailer,290,org.apache.tools.ant.BuildException,275
org.apache.tools.ant.taskdefs.email.Mailer,290,org.apache.tools.ant.TaskAdapter,72
org.apache.tools.ant.taskdefs.email.Mailer,290,org.apache.tools.ant.util.DateUtils,230
org.apache.tools.ant.taskdefs.UpToDate,291,org.apache.tools.ant.BuildException,275
org.apache.tools.ant.taskdefs.UpToDate,291,org.apache.tools.ant.DirectoryScanner,44
org.apache.tools.ant.taskdefs.UpToDate,291,org.apache.tools.ant.ProjectHelper,38
org.apache.tools.ant.taskdefs.UpToDate,291,org.apache.tools.ant.TaskAdapter,72
org.apache.tools.ant.taskdefs.UpToDate,291,org.apache.tools.ant.taskdefs.condition.Condition,259
org.apache.tools.ant.taskdefs.UpToDate,291,org.apache.tools.ant.types.FileSet,77
org.apache.tools.ant.taskdefs.UpToDate,291,org.apache.tools.ant.types.Mapper,262
org.apache.tools.ant.taskdefs.UpToDate,291,org.apache.tools.ant.util.FileNameMapper,201
org.apache.tools.ant.taskdefs.UpToDate,291,org.apache.tools.ant.util.MergingMapper,53
org.apache.tools.ant.taskdefs.UpToDate,291,org.apache.tools.ant.util.SourceFileScanner,310
org.apache.tools.ant.util.JavaEnvUtils,292,org.apache.tools.ant.taskdefs.condition.Os,331
org.apache.tools.ant.types.selectors.MappingSelector,294,org.apache.tools.ant.types.Mapper,262
org.apache.tools.ant.types.selectors.MappingSelector,294,org.apache.tools.ant.BuildException,275
org.apache.tools.ant.types.selectors.MappingSelector,294,org.apache.tools.ant.util.IdentityMapper,234
org.apache.tools.ant.types.selectors.MappingSelector,294,org.apache.tools.ant.util.FileNameMapper,201
org.apache.tools.ant.types.selectors.MappingSelector,294,org.apache.tools.ant.util.FileUtils,146
org.apache.tools.ant.Project,38,org.apache.tools.ant.input.DefaultInputHandler,214
org.apache.tools.ant.Project,38,org.apache.tools.ant.input.InputHandler,35
org.apache.tools.ant.Project,38,org.apache.tools.ant.types.FilterSetCollection,96
org.apache.tools.ant.Project,38,org.apache.tools.ant.types.FilterSetCollection,96
org.apache.tools.ant.Project,38,org.apache.tools.ant.types.Description,107
org.apache.tools.ant.Project,38,org.apache.tools.ant.types.Path,21
org.apache.tools.ant.Project,38,org.apache.tools.ant.util.FileUtils,146
org.apache.tools.ant.Project,38,org.apache.tools.ant.util.JavaEnvUtils,292
org.apache.tools.ant.Project,38,org.apache.tools.ant.util.StringUtils,243
org.apache.tools.ant.taskdefs.RecorderEntry,296,org.apache.tools.ant.BuildEvent,269
org.apache.tools.ant.taskdefs.RecorderEntry,296,org.apache.tools.ant.BuildLogger,182
org.apache.tools.ant.taskdefs.RecorderEntry,296,org.apache.tools.ant.DefaultLogger,83
org.apache.tools.ant.taskdefs.RecorderEntry,296,org.apache.tools.ant.ProjectHelper,38
org.apache.tools.ant.taskdefs.RecorderEntry,296,org.apache.tools.ant.util.StringUtils,243
org.apache.tools.ant.taskdefs.Javac,297,org.apache.tools.ant.BuildException,275
org.apache.tools.ant.taskdefs.Javac,297,org.apache.tools.ant.DirectoryScanner,44
org.apache.tools.ant.taskdefs.Javac,297,org.apache.tools.ant.ProjectHelper,38
org.apache.tools.ant.taskdefs.Javac,297,org.apache.tools.ant.taskdefs.compilers.CompilerAdapter,165
org.apache.tools.ant.taskdefs.Javac,297,org.apache.tools.ant.taskdefs.compilers.CompilerAdapterFactory,308
org.apache.tools.ant.taskdefs.Javac,297,org.apache.tools.ant.types.Path,21
org.apache.tools.ant.taskdefs.Javac,297,org.apache.tools.ant.types.Reference,67
org.apache.tools.ant.taskdefs.Javac,297,org.apache.tools.ant.util.GlobPatternMapper,102
org.apache.tools.ant.taskdefs.Javac,297,org.apache.tools.ant.util.JavaEnvUtils,292
org.apache.tools.ant.taskdefs.Javac,297,org.apache.tools.ant.util.SourceFileScanner,310
org.apache.tools.ant.taskdefs.Javac,297,org.apache.tools.ant.util.facade.FacadeTaskHelper,198
org.apache.tools.ant.taskdefs.ImportTask,298,org.apache.tools.ant.BuildException,275
org.apache.tools.ant.taskdefs.ImportTask,298,org.apache.tools.ant.ProjectHelper,38
org.apache.tools.ant.taskdefs.ImportTask,298,org.apache.tools.ant.ProjectHelper,38
org.apache.tools.ant.taskdefs.ImportTask,298,org.apache.tools.ant.ProjectHelper,38
org.apache.tools.ant.taskdefs.ImportTask,298,org.apache.tools.ant.TaskAdapter,72
org.apache.tools.ant.taskdefs.ImportTask,298,org.apache.tools.ant.util.FileUtils,146
org.apache.tools.ant.taskdefs.Tar,299,org.apache.tools.ant.BuildException,275
org.apache.tools.ant.taskdefs.Tar,299,org.apache.tools.ant.DirectoryScanner,44
org.apache.tools.ant.taskdefs.Tar,299,org.apache.tools.ant.ProjectHelper,38
org.apache.tools.ant.taskdefs.Tar,299,org.apache.tools.ant.types.EnumeratedAttribute,311
org.apache.tools.ant.taskdefs.Tar,299,org.apache.tools.ant.types.FileSet,77
org.apache.tools.ant.taskdefs.Tar,299,org.apache.tools.ant.util.MergingMapper,53
org.apache.tools.ant.taskdefs.Tar,299,org.apache.tools.ant.util.SourceFileScanner,310
org.apache.tools.ant.taskdefs.Tar,299,org.apache.tools.bzip2.CBZip2OutputStream,228
org.apache.tools.ant.taskdefs.Tar,299,org.apache.tools.tar.TarConstants,160
org.apache.tools.ant.taskdefs.Tar,299,org.apache.tools.tar.TarEntry,224
org.apache.tools.ant.taskdefs.Tar,299,org.apache.tools.tar.TarOutputStream,177
org.apache.tools.ant.taskdefs.Tar,299,org.apache.tools.zip.UnixStat,335
org.apache.tools.ant.taskdefs.Redirector,301,org.apache.tools.ant.BuildException,275
org.apache.tools.ant.taskdefs.Redirector,301,org.apache.tools.ant.ProjectHelper,38
org.apache.tools.ant.taskdefs.Redirector,301,org.apache.tools.ant.TaskAdapter,72
org.apache.tools.ant.taskdefs.Redirector,301,org.apache.tools.ant.util.LazyFileOutputStream,339
org.apache.tools.ant.taskdefs.Redirector,301,org.apache.tools.ant.util.StringUtils,243
org.apache.tools.ant.taskdefs.Redirector,301,org.apache.tools.ant.util.TeeOutputStream,200
org.apache.tools.ant.taskdefs.TempFile,303,org.apache.tools.ant.BuildException,275
org.apache.tools.ant.taskdefs.TempFile,303,org.apache.tools.ant.TaskAdapter,72
org.apache.tools.ant.taskdefs.TempFile,303,org.apache.tools.ant.util.FileUtils,146
org.apache.tools.ant.types.selectors.BaseSelector,142,org.apache.tools.ant.BuildException,275
org.apache.tools.ant.types.selectors.BaseSelector,142,org.apache.tools.ant.types.DataType,313
org.apache.tools.ant.types.PatternSet,307,org.apache.tools.ant.BuildException,275
org.apache.tools.ant.types.PatternSet,307,org.apache.tools.ant.ProjectHelper,38
org.apache.tools.ant.taskdefs.compilers.CompilerAdapterFactory,308,org.apache.tools.ant.BuildException,275
org.apache.tools.ant.taskdefs.compilers.CompilerAdapterFactory,308,org.apache.tools.ant.ProjectHelper,38
org.apache.tools.ant.taskdefs.compilers.CompilerAdapterFactory,308,org.apache.tools.ant.TaskAdapter,72
org.apache.tools.ant.taskdefs.compilers.CompilerAdapterFactory,308,org.apache.tools.ant.util.JavaEnvUtils,292
org.apache.tools.ant.taskdefs.JDBCTask,309,org.apache.tools.ant.AntClassLoader,340
org.apache.tools.ant.taskdefs.JDBCTask,309,org.apache.tools.ant.BuildException,275
org.apache.tools.ant.taskdefs.JDBCTask,309,org.apache.tools.ant.ProjectHelper,38
org.apache.tools.ant.taskdefs.JDBCTask,309,org.apache.tools.ant.TaskAdapter,72
org.apache.tools.ant.taskdefs.JDBCTask,309,org.apache.tools.ant.types.Path,21
org.apache.tools.ant.taskdefs.JDBCTask,309,org.apache.tools.ant.types.Reference,67
org.apache.tools.ant.util.SourceFileScanner,310,org.apache.tools.ant.TaskAdapter,72
org.apache.tools.ant.util.SourceFileScanner,310,org.apache.tools.ant.types.ResourceFactory,166
org.apache.tools.ant.util.SourceFileScanner,310,org.apache.tools.ant.types.ResourceLocation,46
org.apache.tools.ant.types.EnumeratedAttribute,311,org.apache.tools.ant.BuildException,275
org.apache.tools.ant.types.DataType,313,org.apache.tools.ant.BuildException,275
org.apache.tools.ant.types.DataType,313,org.apache.tools.ant.ProjectHelper,38
org.apache.tools.ant.types.DataType,313,org.apache.tools.ant.ProjectComponent,277
org.apache.tools.ant.taskdefs.PreSetDef,314,org.apache.tools.ant.AntTypeDefinition,325
org.apache.tools.ant.taskdefs.PreSetDef,314,org.apache.tools.ant.BuildException,275
org.apache.tools.ant.taskdefs.PreSetDef,314,org.apache.tools.ant.ComponentHelper,336
org.apache.tools.ant.taskdefs.PreSetDef,314,org.apache.tools.ant.ProjectHelper,38
org.apache.tools.ant.taskdefs.PreSetDef,314,org.apache.tools.ant.ProjectHelper,38
org.apache.tools.ant.taskdefs.PreSetDef,314,org.apache.tools.ant.TaskAdapter,72
org.apache.tools.ant.taskdefs.PreSetDef,314,org.apache.tools.ant.TaskContainer,187
org.apache.tools.ant.taskdefs.PreSetDef,314,org.apache.tools.ant.UnknownElement,149
org.apache.tools.ant.util.ClasspathUtils,315,org.apache.tools.ant.AntClassLoader,340
org.apache.tools.ant.util.ClasspathUtils,315,org.apache.tools.ant.BuildException,275
org.apache.tools.ant.util.ClasspathUtils,315,org.apache.tools.ant.ProjectHelper,38
org.apache.tools.ant.util.ClasspathUtils,315,org.apache.tools.ant.ProjectComponent,277
org.apache.tools.ant.util.ClasspathUtils,315,org.apache.tools.ant.types.Path,21
org.apache.tools.ant.util.ClasspathUtils,315,org.apache.tools.ant.types.Reference,67
org.apache.tools.ant.types.resolver.ApacheCatalogResolver,318,org.apache.tools.ant.BuildException,275
org.apache.tools.ant.types.resolver.ApacheCatalogResolver,318,org.apache.tools.ant.types.XMLCatalog,16
org.apache.tools.ant.types.resolver.ApacheCatalogResolver,318,org.apache.tools.ant.types.ResourceLocation,46
org.apache.tools.ant.filters.BaseFilterReader,319,org.apache.tools.ant.ProjectHelper,38
org.apache.tools.ant.filters.BaseFilterReader,319,org.apache.tools.ant.util.FileUtils,146
org.apache.tools.ant.taskdefs.Rmic,321,org.apache.tools.ant.BuildException,275
org.apache.tools.ant.taskdefs.Rmic,321,org.apache.tools.ant.DirectoryScanner,44
org.apache.tools.ant.taskdefs.Rmic,321,org.apache.tools.ant.ProjectHelper,38
org.apache.tools.ant.taskdefs.Rmic,321,org.apache.tools.ant.taskdefs.rmic.RmicAdapterFactory,104
org.apache.tools.ant.taskdefs.Rmic,321,org.apache.tools.ant.taskdefs.rmic.RmicAdapterFactory,104
org.apache.tools.ant.taskdefs.Rmic,321,org.apache.tools.ant.types.FilterSetCollection,96
org.apache.tools.ant.taskdefs.Rmic,321,org.apache.tools.ant.types.Path,21
org.apache.tools.ant.taskdefs.Rmic,321,org.apache.tools.ant.types.Reference,67
org.apache.tools.ant.taskdefs.Rmic,321,org.apache.tools.ant.util.FileNameMapper,201
org.apache.tools.ant.taskdefs.Rmic,321,org.apache.tools.ant.util.FileUtils,146
org.apache.tools.ant.taskdefs.Rmic,321,org.apache.tools.ant.util.SourceFileScanner,310
org.apache.tools.ant.taskdefs.Rmic,321,org.apache.tools.ant.util.facade.FacadeTaskHelper,198
org.apache.tools.ant.taskdefs.TaskOutputStream,322,org.apache.tools.ant.TaskAdapter,72
org.apache.tools.ant.taskdefs.AbstractCvsTask,323,org.apache.tools.ant.BuildException,275
org.apache.tools.ant.taskdefs.AbstractCvsTask,323,org.apache.tools.ant.ProjectHelper,38
org.apache.tools.ant.taskdefs.AbstractCvsTask,323,org.apache.tools.ant.TaskAdapter,72
org.apache.tools.ant.taskdefs.AbstractCvsTask,323,org.apache.tools.ant.types.Commandline,14
org.apache.tools.ant.taskdefs.AbstractCvsTask,323,org.apache.tools.ant.types.Environment,189
org.apache.tools.ant.taskdefs.AbstractCvsTask,323,org.apache.tools.ant.util.StringUtils,243
org.apache.tools.ant.taskdefs.Replace,326,org.apache.tools.ant.BuildException,275
org.apache.tools.ant.taskdefs.Replace,326,org.apache.tools.ant.DirectoryScanner,44
org.apache.tools.ant.taskdefs.Replace,326,org.apache.tools.ant.ProjectHelper,38
org.apache.tools.ant.taskdefs.Replace,326,org.apache.tools.ant.util.FileUtils,146
org.apache.tools.ant.taskdefs.Replace,326,org.apache.tools.ant.util.StringUtils,243
org.apache.tools.ant.util.regexp.RegexpMatcherFactory,328,org.apache.tools.ant.BuildException,275
org.apache.tools.ant.util.regexp.RegexpMatcherFactory,328,org.apache.tools.ant.ProjectHelper,38
org.apache.tools.ant.taskdefs.Input,329,org.apache.tools.ant.BuildException,275
org.apache.tools.ant.taskdefs.Input,329,org.apache.tools.ant.TaskAdapter,72
org.apache.tools.ant.taskdefs.Input,329,org.apache.tools.ant.input.InputRequest,161
org.apache.tools.ant.taskdefs.Input,329,org.apache.tools.ant.input.MultipleChoiceInputRequest,78
org.apache.tools.ant.taskdefs.Input,329,org.apache.tools.ant.util.StringUtils,243
org.apache.tools.ant.types.selectors.ContainsRegexpSelector,330,org.apache.tools.ant.BuildException,275
org.apache.tools.ant.types.selectors.ContainsRegexpSelector,330,org.apache.tools.ant.types.Parameter,74
org.apache.tools.ant.types.selectors.ContainsRegexpSelector,330,org.apache.tools.ant.types.RegularExpression,206
org.apache.tools.ant.types.selectors.ContainsRegexpSelector,330,org.apache.tools.ant.util.regexp.RegexpMatcher,144
org.apache.tools.ant.taskdefs.condition.Os,331,org.apache.tools.ant.BuildException,275
org.apache.tools.ant.types.AntFilterReader,332,org.apache.tools.ant.BuildException,275
org.apache.tools.ant.taskdefs.rmic.KaffeRmic,333,org.apache.tools.ant.BuildException,275
org.apache.tools.ant.taskdefs.rmic.KaffeRmic,333,org.apache.tools.ant.ProjectHelper,38
org.apache.tools.ant.taskdefs.rmic.KaffeRmic,333,org.apache.tools.ant.types.Commandline,14
org.apache.tools.ant.helper.AntXMLContext,334,org.apache.tools.ant.ProjectHelper,38
org.apache.tools.ant.helper.AntXMLContext,334,org.apache.tools.ant.Target,232
org.apache.tools.ant.helper.AntXMLContext,334,org.apache.tools.ant.RuntimeConfigurable,345
org.apache.tools.ant.ComponentHelper,336,org.apache.tools.ant.taskdefs.Typedef,61
org.apache.tools.ant.taskdefs.SendEmail,337,org.apache.tools.ant.taskdefs.email.EmailTask,99
org.apache.tools.ant.taskdefs.PathConvert,338,org.apache.tools.ant.BuildException,275
org.apache.tools.ant.taskdefs.PathConvert,338,org.apache.tools.ant.ProjectHelper,38
org.apache.tools.ant.taskdefs.PathConvert,338,org.apache.tools.ant.TaskAdapter,72
org.apache.tools.ant.taskdefs.PathConvert,338,org.apache.tools.ant.taskdefs.condition.Os,331
org.apache.tools.ant.taskdefs.PathConvert,338,org.apache.tools.ant.types.DirSet,155
org.apache.tools.ant.taskdefs.PathConvert,338,org.apache.tools.ant.types.EnumeratedAttribute,311
org.apache.tools.ant.taskdefs.PathConvert,338,org.apache.tools.ant.types.FileList,172
org.apache.tools.ant.taskdefs.PathConvert,338,org.apache.tools.ant.types.FileSet,77
org.apache.tools.ant.taskdefs.PathConvert,338,org.apache.tools.ant.types.Path,21
org.apache.tools.ant.taskdefs.PathConvert,338,org.apache.tools.ant.types.Reference,67
org.apache.tools.ant.AntClassLoader,340,org.apache.tools.ant.types.Path,21
org.apache.tools.ant.AntClassLoader,340,org.apache.tools.ant.util.JavaEnvUtils,292
org.apache.tools.ant.AntClassLoader,340,org.apache.tools.ant.util.LoaderUtils,348
org.apache.tools.ant.util.WeakishReference,342,org.apache.tools.ant.BuildException,275
org.apache.tools.ant.types.selectors.SelectorUtils,343,org.apache.tools.ant.types.ResourceLocation,46
org.apache.tools.ant.types.selectors.SizeSelector,344,org.apache.tools.ant.types.EnumeratedAttribute,311
org.apache.tools.ant.types.selectors.SizeSelector,344,org.apache.tools.ant.types.Parameter,74
org.apache.tools.ant.RuntimeConfigurable,345,org.apache.tools.ant.util.CollectionUtils,143
org.apache.tools.ant.taskdefs.DefaultExcludes,346,org.apache.tools.ant.TaskAdapter,72
org.apache.tools.ant.taskdefs.DefaultExcludes,346,org.apache.tools.ant.ProjectHelper,38
org.apache.tools.ant.taskdefs.DefaultExcludes,346,org.apache.tools.ant.BuildException,275
org.apache.tools.ant.taskdefs.DefaultExcludes,346,org.apache.tools.ant.DirectoryScanner,44
org.apache.tools.ant.taskdefs.AntStructure,347,org.apache.tools.ant.BuildException,275
org.apache.tools.ant.taskdefs.AntStructure,347,org.apache.tools.ant.IntrospectionHelper,75
org.apache.tools.ant.taskdefs.AntStructure,347,org.apache.tools.ant.TaskAdapter,72
org.apache.tools.ant.taskdefs.AntStructure,347,org.apache.tools.ant.TaskContainer,187
org.apache.tools.ant.taskdefs.AntStructure,347,org.apache.tools.ant.types.EnumeratedAttribute,311
org.apache.tools.ant.taskdefs.AntStructure,347,org.apache.tools.ant.types.Reference,67
org.apache.tools.ant.util.LoaderUtils,348,org.apache.tools.ant.BuildException,275
